/*---------------------------------------------------------------------------*\
| =========                 |                                                 |
| \\      /  F ield         | OpenFOAM: The Open Source CFD Toolbox           |
|  \\    /   O peration     | Version:  2412                                  |
|   \\  /    A nd           | Website:  www.openfoam.com                      |
|    \\/     M anipulation  |                                                 |
\*---------------------------------------------------------------------------*/
Build  : _8dbc61e11c-20241220 OPENFOAM=2412 version=v2412
Arch   : "LSB;label=32;scalar=64"
Exec   : simpleFoam -parallel
Date   : Nov 07 2025
Time   : 05:19:24
Host   : smshost
PID    : 860223
I/O    : uncollated
Case   : /home/kamogelo_macena/RunFoamFolder/results/run_20251107_051911
nProcs : 4
Hosts  :
(
    (smshost 4)
)
Pstream initialized with:
    floatTransfer      : false
    maxCommsSize       : 0
    nProcsSimpleSum    : 0
    nonBlockingExchange: 0 (tuning: 0)
    exchange algorithm : 0
    commsType          : nonBlocking
    polling iterations : 0
trapFpe: Floating point exception trapping enabled (FOAM_SIGFPE).
fileModificationChecking : Monitoring run-time modified files using timeStampMaster (fileModificationSkew 5, maxFileModificationPolls 20)
allowSystemOperations : Allowing user-supplied system call operations

// * * * * * * * * * * * * * * * * * * * * * * * * * * * * * * * * * * * * * //
Create time

Create mesh for time = 0


SIMPLE: convergence criteria
    field p	 tolerance 0.0001
    field U	 tolerance 0.0001
    field "(k|omega|epsilon)"	 tolerance 0.0001

Reading field p

Reading field U

Reading/calculating face flux field phi

Selecting incompressible transport model Newtonian
Selecting turbulence model type RAS
Selecting RAS turbulence model kEpsilon
RAS
{
    RASModel        kEpsilon;
    turbulence      on;
    printCoeffs     on;
    Cmu             0.09;
    C1              1.44;
    C2              1.92;
    C3              0;
    sigmak          1;
    sigmaEps        1.3;
}

No MRF models present

No finite volume options present

Starting time loop

Time = 1

smoothSolver:  Solving for Ux, Initial residual = 1, Final residual = 0.0315683, No Iterations 1
smoothSolver:  Solving for Uy, Initial residual = 1, Final residual = 0.0107201, No Iterations 1
smoothSolver:  Solving for Uz, Initial residual = 1, Final residual = 0.010536, No Iterations 1
GAMG:  Solving for p, Initial residual = 1, Final residual = 0.0863025, No Iterations 6
time step continuity errors : sum local = 0.00251319, global = -0.000474965, cumulative = -0.000474965
smoothSolver:  Solving for epsilon, Initial residual = 0.0464117, Final residual = 0.00223978, No Iterations 2
smoothSolver:  Solving for k, Initial residual = 1, Final residual = 0.0209959, No Iterations 2
ExecutionTime = 6.06 s  ClockTime = 6 s

Time = 2

smoothSolver:  Solving for Ux, Initial residual = 0.490594, Final residual = 0.0368226, No Iterations 2
smoothSolver:  Solving for Uy, Initial residual = 0.453772, Final residual = 0.0408499, No Iterations 2
smoothSolver:  Solving for Uz, Initial residual = 0.43279, Final residual = 0.0391754, No Iterations 2
GAMG:  Solving for p, Initial residual = 0.0350047, Final residual = 0.00237059, No Iterations 4
time step continuity errors : sum local = 0.00330096, global = -0.000373904, cumulative = -0.000848869
smoothSolver:  Solving for epsilon, Initial residual = 0.0464643, Final residual = 0.00142407, No Iterations 2
smoothSolver:  Solving for k, Initial residual = 0.66034, Final residual = 0.030163, No Iterations 2
ExecutionTime = 10.33 s  ClockTime = 10 s

Time = 3

smoothSolver:  Solving for Ux, Initial residual = 0.482274, Final residual = 0.0369663, No Iterations 2
smoothSolver:  Solving for Uy, Initial residual = 0.27119, Final residual = 0.0232057, No Iterations 2
smoothSolver:  Solving for Uz, Initial residual = 0.276714, Final residual = 0.0246983, No Iterations 2
GAMG:  Solving for p, Initial residual = 0.0215048, Final residual = 0.00112218, No Iterations 4
time step continuity errors : sum local = 0.00269489, global = 0.000410225, cumulative = -0.000438643
smoothSolver:  Solving for epsilon, Initial residual = 0.0625831, Final residual = 0.00285831, No Iterations 2
smoothSolver:  Solving for k, Initial residual = 0.377523, Final residual = 0.0222876, No Iterations 2
ExecutionTime = 14.61 s  ClockTime = 15 s

Time = 4

smoothSolver:  Solving for Ux, Initial residual = 0.169378, Final residual = 0.0134497, No Iterations 2
smoothSolver:  Solving for Uy, Initial residual = 0.118707, Final residual = 0.0106826, No Iterations 2
smoothSolver:  Solving for Uz, Initial residual = 0.132304, Final residual = 0.0125592, No Iterations 2
GAMG:  Solving for p, Initial residual = 0.0421512, Final residual = 0.00312818, No Iterations 5
time step continuity errors : sum local = 0.00307326, global = -0.000550455, cumulative = -0.000989098
smoothSolver:  Solving for epsilon, Initial residual = 0.0522566, Final residual = 0.00255878, No Iterations 2
smoothSolver:  Solving for k, Initial residual = 0.224537, Final residual = 0.0146099, No Iterations 2
ExecutionTime = 18.98 s  ClockTime = 19 s

Time = 5

smoothSolver:  Solving for Ux, Initial residual = 0.168185, Final residual = 0.0127091, No Iterations 2
smoothSolver:  Solving for Uy, Initial residual = 0.115256, Final residual = 0.00974386, No Iterations 2
smoothSolver:  Solving for Uz, Initial residual = 0.122293, Final residual = 0.011146, No Iterations 2
GAMG:  Solving for p, Initial residual = 0.0407253, Final residual = 0.0038952, No Iterations 3
time step continuity errors : sum local = 0.00380188, global = 0.000237719, cumulative = -0.000751379
smoothSolver:  Solving for epsilon, Initial residual = 0.0362669, Final residual = 0.00163527, No Iterations 2
smoothSolver:  Solving for k, Initial residual = 0.131935, Final residual = 0.00792612, No Iterations 2
ExecutionTime = 23.09 s  ClockTime = 23 s

Time = 6

smoothSolver:  Solving for Ux, Initial residual = 0.319047, Final residual = 0.024999, No Iterations 2
smoothSolver:  Solving for Uy, Initial residual = 0.139631, Final residual = 0.0116895, No Iterations 2
smoothSolver:  Solving for Uz, Initial residual = 0.131871, Final residual = 0.0115707, No Iterations 2
GAMG:  Solving for p, Initial residual = 0.0372609, Final residual = 0.00325516, No Iterations 3
time step continuity errors : sum local = 0.00448775, global = 0.00062526, cumulative = -0.00012612
smoothSolver:  Solving for epsilon, Initial residual = 0.0250849, Final residual = 0.00100377, No Iterations 2
smoothSolver:  Solving for k, Initial residual = 0.0919393, Final residual = 0.00487953, No Iterations 2
ExecutionTime = 27.19 s  ClockTime = 27 s

Time = 7

smoothSolver:  Solving for Ux, Initial residual = 0.120122, Final residual = 0.00959084, No Iterations 2
smoothSolver:  Solving for Uy, Initial residual = 0.107669, Final residual = 0.00925861, No Iterations 2
smoothSolver:  Solving for Uz, Initial residual = 0.108167, Final residual = 0.00987681, No Iterations 2
GAMG:  Solving for p, Initial residual = 0.0896044, Final residual = 0.00456132, No Iterations 4
time step continuity errors : sum local = 0.00222151, global = -0.000288916, cumulative = -0.000415035
smoothSolver:  Solving for epsilon, Initial residual = 0.0172217, Final residual = 0.000631137, No Iterations 2
smoothSolver:  Solving for k, Initial residual = 0.0694428, Final residual = 0.00376138, No Iterations 2
ExecutionTime = 31.42 s  ClockTime = 32 s

Time = 8

smoothSolver:  Solving for Ux, Initial residual = 0.150349, Final residual = 0.0117881, No Iterations 2
smoothSolver:  Solving for Uy, Initial residual = 0.111626, Final residual = 0.0094344, No Iterations 2
smoothSolver:  Solving for Uz, Initial residual = 0.121606, Final residual = 0.0114356, No Iterations 2
GAMG:  Solving for p, Initial residual = 0.0589094, Final residual = 0.00393323, No Iterations 3
time step continuity errors : sum local = 0.00237007, global = -0.000426838, cumulative = -0.000841874
smoothSolver:  Solving for epsilon, Initial residual = 0.0129137, Final residual = 0.000441839, No Iterations 2
smoothSolver:  Solving for k, Initial residual = 0.0630486, Final residual = 0.00357368, No Iterations 2
ExecutionTime = 35.53 s  ClockTime = 36 s

Time = 9

smoothSolver:  Solving for Ux, Initial residual = 0.165314, Final residual = 0.0133185, No Iterations 2
smoothSolver:  Solving for Uy, Initial residual = 0.0893314, Final residual = 0.00757802, No Iterations 2
smoothSolver:  Solving for Uz, Initial residual = 0.0976149, Final residual = 0.00892142, No Iterations 2
GAMG:  Solving for p, Initial residual = 0.0471596, Final residual = 0.00424496, No Iterations 3
time step continuity errors : sum local = 0.00317939, global = -0.000280613, cumulative = -0.00112249
smoothSolver:  Solving for epsilon, Initial residual = 0.0120356, Final residual = 0.000407478, No Iterations 2
smoothSolver:  Solving for k, Initial residual = 0.0637999, Final residual = 0.0036677, No Iterations 2
ExecutionTime = 39.63 s  ClockTime = 40 s

Time = 10

smoothSolver:  Solving for Ux, Initial residual = 0.0464427, Final residual = 0.00395424, No Iterations 2
smoothSolver:  Solving for Uy, Initial residual = 0.0694319, Final residual = 0.00628987, No Iterations 2
smoothSolver:  Solving for Uz, Initial residual = 0.0694645, Final residual = 0.00648421, No Iterations 2
GAMG:  Solving for p, Initial residual = 0.129399, Final residual = 0.00579991, No Iterations 4
time step continuity errors : sum local = 0.00128459, global = 0.000128389, cumulative = -0.000994098
smoothSolver:  Solving for epsilon, Initial residual = 0.01205, Final residual = 0.000405321, No Iterations 2
smoothSolver:  Solving for k, Initial residual = 0.0569184, Final residual = 0.00329797, No Iterations 2
ExecutionTime = 43.87 s  ClockTime = 44 s

Time = 11

smoothSolver:  Solving for Ux, Initial residual = 0.0753893, Final residual = 0.00568672, No Iterations 2
smoothSolver:  Solving for Uy, Initial residual = 0.0830129, Final residual = 0.00792836, No Iterations 2
smoothSolver:  Solving for Uz, Initial residual = 0.0983964, Final residual = 0.00336366, No Iterations 3
GAMG:  Solving for p, Initial residual = 0.0685416, Final residual = 0.00416004, No Iterations 3
time step continuity errors : sum local = 0.0015191, global = 0.000146429, cumulative = -0.000847668
smoothSolver:  Solving for epsilon, Initial residual = 0.0118499, Final residual = 0.000372345, No Iterations 2
bounding epsilon, min: -0.000806985 max: 267.218 average: 2.23625
smoothSolver:  Solving for k, Initial residual = 0.0467864, Final residual = 0.00258006, No Iterations 2
ExecutionTime = 48.03 s  ClockTime = 48 s

Time = 12

smoothSolver:  Solving for Ux, Initial residual = 0.092142, Final residual = 0.00716677, No Iterations 2
smoothSolver:  Solving for Uy, Initial residual = 0.0682706, Final residual = 0.00613757, No Iterations 2
smoothSolver:  Solving for Uz, Initial residual = 0.082837, Final residual = 0.00810559, No Iterations 2
GAMG:  Solving for p, Initial residual = 0.0605397, Final residual = 0.00552298, No Iterations 3
time step continuity errors : sum local = 0.00220366, global = 0.000109377, cumulative = -0.000738291
smoothSolver:  Solving for epsilon, Initial residual = 0.0118026, Final residual = 0.000351322, No Iterations 2
smoothSolver:  Solving for k, Initial residual = 0.0410156, Final residual = 0.00214254, No Iterations 2
ExecutionTime = 52.11 s  ClockTime = 52 s

Time = 13

smoothSolver:  Solving for Ux, Initial residual = 0.0199939, Final residual = 0.00151521, No Iterations 2
smoothSolver:  Solving for Uy, Initial residual = 0.0439654, Final residual = 0.0036879, No Iterations 2
smoothSolver:  Solving for Uz, Initial residual = 0.0430801, Final residual = 0.00389846, No Iterations 2
GAMG:  Solving for p, Initial residual = 0.206203, Final residual = 0.019272, No Iterations 3
time step continuity errors : sum local = 0.00184093, global = 2.6499e-06, cumulative = -0.000735641
smoothSolver:  Solving for epsilon, Initial residual = 0.0120022, Final residual = 0.000356895, No Iterations 2
smoothSolver:  Solving for k, Initial residual = 0.0376776, Final residual = 0.00198073, No Iterations 2
ExecutionTime = 56.21 s  ClockTime = 57 s

Time = 14

smoothSolver:  Solving for Ux, Initial residual = 0.0556035, Final residual = 0.00446446, No Iterations 2
smoothSolver:  Solving for Uy, Initial residual = 0.0504337, Final residual = 0.00453035, No Iterations 2
smoothSolver:  Solving for Uz, Initial residual = 0.0500892, Final residual = 0.00482783, No Iterations 2
GAMG:  Solving for p, Initial residual = 0.0809011, Final residual = 0.00466401, No Iterations 3
time step continuity errors : sum local = 0.00102397, global = -2.0283e-05, cumulative = -0.000755924
smoothSolver:  Solving for epsilon, Initial residual = 0.0125176, Final residual = 0.000386844, No Iterations 2
smoothSolver:  Solving for k, Initial residual = 0.0373681, Final residual = 0.00198633, No Iterations 2
ExecutionTime = 60.29 s  ClockTime = 61 s

Time = 15

smoothSolver:  Solving for Ux, Initial residual = 0.052567, Final residual = 0.00429688, No Iterations 2
smoothSolver:  Solving for Uy, Initial residual = 0.0438432, Final residual = 0.00374896, No Iterations 2
smoothSolver:  Solving for Uz, Initial residual = 0.0522946, Final residual = 0.00508198, No Iterations 2
GAMG:  Solving for p, Initial residual = 0.0780283, Final residual = 0.00621152, No Iterations 3
time step continuity errors : sum local = 0.00129505, global = -7.22065e-05, cumulative = -0.000828131
smoothSolver:  Solving for epsilon, Initial residual = 0.0129124, Final residual = 0.000414732, No Iterations 2
smoothSolver:  Solving for k, Initial residual = 0.0366701, Final residual = 0.00196664, No Iterations 2
ExecutionTime = 64.4 s  ClockTime = 65 s

Time = 16

smoothSolver:  Solving for Ux, Initial residual = 0.0151835, Final residual = 0.00137171, No Iterations 2
smoothSolver:  Solving for Uy, Initial residual = 0.038058, Final residual = 0.00328122, No Iterations 2
smoothSolver:  Solving for Uz, Initial residual = 0.0386027, Final residual = 0.00371921, No Iterations 2
GAMG:  Solving for p, Initial residual = 0.462883, Final residual = 0.037206, No Iterations 3
time step continuity errors : sum local = 0.00112077, global = 1.74706e-05, cumulative = -0.00081066
smoothSolver:  Solving for epsilon, Initial residual = 0.0129164, Final residual = 0.000418742, No Iterations 2
smoothSolver:  Solving for k, Initial residual = 0.0340363, Final residual = 0.00180331, No Iterations 2
ExecutionTime = 68.52 s  ClockTime = 69 s

Time = 17

smoothSolver:  Solving for Ux, Initial residual = 0.0296475, Final residual = 0.00225681, No Iterations 2
smoothSolver:  Solving for Uy, Initial residual = 0.0439339, Final residual = 0.00415415, No Iterations 2
smoothSolver:  Solving for Uz, Initial residual = 0.0403424, Final residual = 0.00393946, No Iterations 2
GAMG:  Solving for p, Initial residual = 0.0877043, Final residual = 0.00629122, No Iterations 3
time step continuity errors : sum local = 0.00092839, global = -3.35095e-05, cumulative = -0.00084417
smoothSolver:  Solving for epsilon, Initial residual = 0.0127392, Final residual = 0.000410081, No Iterations 2
smoothSolver:  Solving for k, Initial residual = 0.0311286, Final residual = 0.00160456, No Iterations 2
ExecutionTime = 72.62 s  ClockTime = 73 s

Time = 18

smoothSolver:  Solving for Ux, Initial residual = 0.0256384, Final residual = 0.00193184, No Iterations 2
smoothSolver:  Solving for Uy, Initial residual = 0.038605, Final residual = 0.00358189, No Iterations 2
smoothSolver:  Solving for Uz, Initial residual = 0.0435387, Final residual = 0.00425831, No Iterations 2
GAMG:  Solving for p, Initial residual = 0.0924968, Final residual = 0.00677461, No Iterations 3
time step continuity errors : sum local = 0.000835771, global = 2.94185e-05, cumulative = -0.000814751
smoothSolver:  Solving for epsilon, Initial residual = 0.0125678, Final residual = 0.000402718, No Iterations 2
smoothSolver:  Solving for k, Initial residual = 0.0289389, Final residual = 0.00145336, No Iterations 2
ExecutionTime = 76.71 s  ClockTime = 77 s

Time = 19

smoothSolver:  Solving for Ux, Initial residual = 0.0108896, Final residual = 0.000886722, No Iterations 2
smoothSolver:  Solving for Uy, Initial residual = 0.0289718, Final residual = 0.00258997, No Iterations 2
smoothSolver:  Solving for Uz, Initial residual = 0.0347042, Final residual = 0.00335885, No Iterations 2
GAMG:  Solving for p, Initial residual = 0.369486, Final residual = 0.0255715, No Iterations 3
time step continuity errors : sum local = 0.000679941, global = -7.75804e-05, cumulative = -0.000892332
smoothSolver:  Solving for epsilon, Initial residual = 0.0125321, Final residual = 0.000406723, No Iterations 2
smoothSolver:  Solving for k, Initial residual = 0.0274604, Final residual = 0.00136781, No Iterations 2
ExecutionTime = 80.79 s  ClockTime = 81 s

Time = 20

smoothSolver:  Solving for Ux, Initial residual = 0.0223827, Final residual = 0.00186153, No Iterations 2
smoothSolver:  Solving for Uy, Initial residual = 0.0239873, Final residual = 0.00213239, No Iterations 2
smoothSolver:  Solving for Uz, Initial residual = 0.024504, Final residual = 0.00231927, No Iterations 2
GAMG:  Solving for p, Initial residual = 0.0946882, Final residual = 0.00776863, No Iterations 3
time step continuity errors : sum local = 0.0007161, global = 7.4274e-06, cumulative = -0.000884904
smoothSolver:  Solving for epsilon, Initial residual = 0.0125419, Final residual = 0.000412702, No Iterations 2
smoothSolver:  Solving for k, Initial residual = 0.0264037, Final residual = 0.00131231, No Iterations 2
ExecutionTime = 84.9 s  ClockTime = 85 s

Time = 21

smoothSolver:  Solving for Ux, Initial residual = 0.0184195, Final residual = 0.00155385, No Iterations 2
smoothSolver:  Solving for Uy, Initial residual = 0.0233134, Final residual = 0.00201083, No Iterations 2
smoothSolver:  Solving for Uz, Initial residual = 0.0214978, Final residual = 0.00199907, No Iterations 2
GAMG:  Solving for p, Initial residual = 0.108393, Final residual = 0.00918074, No Iterations 3
time step continuity errors : sum local = 0.000660166, global = -3.87879e-05, cumulative = -0.000923692
smoothSolver:  Solving for epsilon, Initial residual = 0.0124066, Final residual = 0.000414919, No Iterations 2
smoothSolver:  Solving for k, Initial residual = 0.0252659, Final residual = 0.00124872, No Iterations 2
ExecutionTime = 88.98 s  ClockTime = 90 s

Time = 22

smoothSolver:  Solving for Ux, Initial residual = 0.00963156, Final residual = 0.000866633, No Iterations 2
smoothSolver:  Solving for Uy, Initial residual = 0.0243945, Final residual = 0.00215473, No Iterations 2
smoothSolver:  Solving for Uz, Initial residual = 0.0222517, Final residual = 0.00212835, No Iterations 2
GAMG:  Solving for p, Initial residual = 0.229689, Final residual = 0.0136539, No Iterations 3
time step continuity errors : sum local = 0.000422401, global = 4.45048e-05, cumulative = -0.000879187
smoothSolver:  Solving for epsilon, Initial residual = 0.0121243, Final residual = 0.000406561, No Iterations 2
smoothSolver:  Solving for k, Initial residual = 0.0240558, Final residual = 0.00117664, No Iterations 2
ExecutionTime = 93.07 s  ClockTime = 94 s

Time = 23

smoothSolver:  Solving for Ux, Initial residual = 0.0126295, Final residual = 0.00102747, No Iterations 2
smoothSolver:  Solving for Uy, Initial residual = 0.0248947, Final residual = 0.00225839, No Iterations 2
smoothSolver:  Solving for Uz, Initial residual = 0.0244467, Final residual = 0.00239079, No Iterations 2
GAMG:  Solving for p, Initial residual = 0.0966597, Final residual = 0.00590185, No Iterations 3
time step continuity errors : sum local = 0.000388596, global = -3.34972e-05, cumulative = -0.000912684
smoothSolver:  Solving for epsilon, Initial residual = 0.0118593, Final residual = 0.000397249, No Iterations 2
smoothSolver:  Solving for k, Initial residual = 0.0229142, Final residual = 0.00110299, No Iterations 2
ExecutionTime = 97.14 s  ClockTime = 98 s

Time = 24

smoothSolver:  Solving for Ux, Initial residual = 0.0103573, Final residual = 0.000836981, No Iterations 2
smoothSolver:  Solving for Uy, Initial residual = 0.0229058, Final residual = 0.00209025, No Iterations 2
smoothSolver:  Solving for Uz, Initial residual = 0.0237283, Final residual = 0.00229763, No Iterations 2
GAMG:  Solving for p, Initial residual = 0.113981, Final residual = 0.00924047, No Iterations 3
time step continuity errors : sum local = 0.000468176, global = 1.39406e-05, cumulative = -0.000898744
smoothSolver:  Solving for epsilon, Initial residual = 0.0116545, Final residual = 0.000388351, No Iterations 2
smoothSolver:  Solving for k, Initial residual = 0.0220127, Final residual = 0.00104382, No Iterations 2
ExecutionTime = 101.2 s  ClockTime = 102 s

Time = 25

smoothSolver:  Solving for Ux, Initial residual = 0.00831729, Final residual = 0.000697219, No Iterations 2
smoothSolver:  Solving for Uy, Initial residual = 0.0204633, Final residual = 0.00186215, No Iterations 2
smoothSolver:  Solving for Uz, Initial residual = 0.0205552, Final residual = 0.00194016, No Iterations 2
GAMG:  Solving for p, Initial residual = 0.237351, Final residual = 0.0171263, No Iterations 3
time step continuity errors : sum local = 0.000381469, global = -5.3193e-05, cumulative = -0.000951937
smoothSolver:  Solving for epsilon, Initial residual = 0.0114941, Final residual = 0.000384123, No Iterations 2
smoothSolver:  Solving for k, Initial residual = 0.021282, Final residual = 0.00100143, No Iterations 2
ExecutionTime = 105.27 s  ClockTime = 106 s

Time = 26

smoothSolver:  Solving for Ux, Initial residual = 0.0103405, Final residual = 0.000884172, No Iterations 2
smoothSolver:  Solving for Uy, Initial residual = 0.0194623, Final residual = 0.00177102, No Iterations 2
smoothSolver:  Solving for Uz, Initial residual = 0.019428, Final residual = 0.00182686, No Iterations 2
GAMG:  Solving for p, Initial residual = 0.107508, Final residual = 0.00586768, No Iterations 3
time step continuity errors : sum local = 0.000248585, global = 3.91902e-06, cumulative = -0.000948018
smoothSolver:  Solving for epsilon, Initial residual = 0.0113211, Final residual = 0.000377004, No Iterations 2
smoothSolver:  Solving for k, Initial residual = 0.0207242, Final residual = 0.000967006, No Iterations 2
ExecutionTime = 109.37 s  ClockTime = 110 s

Time = 27

smoothSolver:  Solving for Ux, Initial residual = 0.00892463, Final residual = 0.000780444, No Iterations 2
smoothSolver:  Solving for Uy, Initial residual = 0.0199825, Final residual = 0.00182658, No Iterations 2
smoothSolver:  Solving for Uz, Initial residual = 0.0189047, Final residual = 0.00178483, No Iterations 2
GAMG:  Solving for p, Initial residual = 0.123223, Final residual = 0.00797982, No Iterations 3
time step continuity errors : sum local = 0.000268023, global = -2.2895e-05, cumulative = -0.000970913
smoothSolver:  Solving for epsilon, Initial residual = 0.0111639, Final residual = 0.000374052, No Iterations 2
smoothSolver:  Solving for k, Initial residual = 0.0201719, Final residual = 0.000936387, No Iterations 2
ExecutionTime = 113.45 s  ClockTime = 114 s

Time = 28

smoothSolver:  Solving for Ux, Initial residual = 0.00732081, Final residual = 0.000639624, No Iterations 2
smoothSolver:  Solving for Uy, Initial residual = 0.0205206, Final residual = 0.00188831, No Iterations 2
smoothSolver:  Solving for Uz, Initial residual = 0.0175798, Final residual = 0.00164738, No Iterations 2
GAMG:  Solving for p, Initial residual = 0.218048, Final residual = 0.0162454, No Iterations 3
time step continuity errors : sum local = 0.000293244, global = 3.47854e-05, cumulative = -0.000936127
smoothSolver:  Solving for epsilon, Initial residual = 0.0109299, Final residual = 0.000364539, No Iterations 2
smoothSolver:  Solving for k, Initial residual = 0.0196415, Final residual = 0.000904118, No Iterations 2
ExecutionTime = 117.55 s  ClockTime = 118 s

Time = 29

smoothSolver:  Solving for Ux, Initial residual = 0.00760509, Final residual = 0.00064523, No Iterations 2
smoothSolver:  Solving for Uy, Initial residual = 0.0196214, Final residual = 0.00179538, No Iterations 2
smoothSolver:  Solving for Uz, Initial residual = 0.0168844, Final residual = 0.00156202, No Iterations 2
GAMG:  Solving for p, Initial residual = 0.122235, Final residual = 0.0080168, No Iterations 3
time step continuity errors : sum local = 0.000229874, global = -1.44184e-05, cumulative = -0.000950546
smoothSolver:  Solving for epsilon, Initial residual = 0.0107855, Final residual = 0.000360187, No Iterations 2
smoothSolver:  Solving for k, Initial residual = 0.0192382, Final residual = 0.000880064, No Iterations 2
ExecutionTime = 121.63 s  ClockTime = 122 s

Time = 30

smoothSolver:  Solving for Ux, Initial residual = 0.00715474, Final residual = 0.000607557, No Iterations 2
smoothSolver:  Solving for Uy, Initial residual = 0.0181871, Final residual = 0.00165787, No Iterations 2
smoothSolver:  Solving for Uz, Initial residual = 0.0177236, Final residual = 0.00167106, No Iterations 2
GAMG:  Solving for p, Initial residual = 0.140359, Final residual = 0.0119174, No Iterations 2
time step continuity errors : sum local = 0.000270732, global = -1.67954e-05, cumulative = -0.000967341
smoothSolver:  Solving for epsilon, Initial residual = 0.0105425, Final residual = 0.000352281, No Iterations 2
smoothSolver:  Solving for k, Initial residual = 0.0186786, Final residual = 0.000853263, No Iterations 2
ExecutionTime = 125.6 s  ClockTime = 126 s

Time = 31

smoothSolver:  Solving for Ux, Initial residual = 0.00678806, Final residual = 0.000582239, No Iterations 2
smoothSolver:  Solving for Uy, Initial residual = 0.0174793, Final residual = 0.00159702, No Iterations 2
smoothSolver:  Solving for Uz, Initial residual = 0.0172784, Final residual = 0.00163449, No Iterations 2
GAMG:  Solving for p, Initial residual = 0.201392, Final residual = 0.0116984, No Iterations 3
time step continuity errors : sum local = 0.000178092, global = -1.6135e-05, cumulative = -0.000983476
smoothSolver:  Solving for epsilon, Initial residual = 0.01039, Final residual = 0.000347498, No Iterations 2
smoothSolver:  Solving for k, Initial residual = 0.0183008, Final residual = 0.000836429, No Iterations 2
ExecutionTime = 129.69 s  ClockTime = 131 s

Time = 32

smoothSolver:  Solving for Ux, Initial residual = 0.00697771, Final residual = 0.000605267, No Iterations 2
smoothSolver:  Solving for Uy, Initial residual = 0.0172462, Final residual = 0.00157267, No Iterations 2
smoothSolver:  Solving for Uz, Initial residual = 0.0160869, Final residual = 0.00149998, No Iterations 2
GAMG:  Solving for p, Initial residual = 0.114155, Final residual = 0.0071915, No Iterations 3
time step continuity errors : sum local = 0.000170232, global = 1.57297e-05, cumulative = -0.000967747
smoothSolver:  Solving for epsilon, Initial residual = 0.0101825, Final residual = 0.000340698, No Iterations 2
smoothSolver:  Solving for k, Initial residual = 0.0178247, Final residual = 0.000817098, No Iterations 2
ExecutionTime = 133.76 s  ClockTime = 135 s

Time = 33

smoothSolver:  Solving for Ux, Initial residual = 0.00658112, Final residual = 0.000575865, No Iterations 2
smoothSolver:  Solving for Uy, Initial residual = 0.0176811, Final residual = 0.00162251, No Iterations 2
smoothSolver:  Solving for Uz, Initial residual = 0.0159997, Final residual = 0.00148736, No Iterations 2
GAMG:  Solving for p, Initial residual = 0.114266, Final residual = 0.0107369, No Iterations 2
time step continuity errors : sum local = 0.000235771, global = 2.08633e-05, cumulative = -0.000946883
smoothSolver:  Solving for epsilon, Initial residual = 0.0100282, Final residual = 0.000336011, No Iterations 2
smoothSolver:  Solving for k, Initial residual = 0.0174521, Final residual = 0.000801472, No Iterations 2
ExecutionTime = 137.72 s  ClockTime = 139 s

Time = 34

smoothSolver:  Solving for Ux, Initial residual = 0.00615566, Final residual = 0.000534351, No Iterations 2
smoothSolver:  Solving for Uy, Initial residual = 0.0182005, Final residual = 0.00168638, No Iterations 2
smoothSolver:  Solving for Uz, Initial residual = 0.0163094, Final residual = 0.00152755, No Iterations 2
GAMG:  Solving for p, Initial residual = 0.15789, Final residual = 0.0136813, No Iterations 2
time step continuity errors : sum local = 0.000211102, global = 1.80652e-05, cumulative = -0.000928818
smoothSolver:  Solving for epsilon, Initial residual = 0.00983752, Final residual = 0.000330161, No Iterations 2
smoothSolver:  Solving for k, Initial residual = 0.0170942, Final residual = 0.000784399, No Iterations 2
ExecutionTime = 141.68 s  ClockTime = 143 s

Time = 35

smoothSolver:  Solving for Ux, Initial residual = 0.00607292, Final residual = 0.000522144, No Iterations 2
smoothSolver:  Solving for Uy, Initial residual = 0.0178884, Final residual = 0.00166022, No Iterations 2
smoothSolver:  Solving for Uz, Initial residual = 0.0161527, Final residual = 0.00151183, No Iterations 2
GAMG:  Solving for p, Initial residual = 0.183577, Final residual = 0.0177883, No Iterations 2
time step continuity errors : sum local = 0.000218545, global = 2.46978e-05, cumulative = -0.00090412
smoothSolver:  Solving for epsilon, Initial residual = 0.00966389, Final residual = 0.000324783, No Iterations 2
smoothSolver:  Solving for k, Initial residual = 0.0167837, Final residual = 0.000771815, No Iterations 2
ExecutionTime = 145.64 s  ClockTime = 147 s

Time = 36

smoothSolver:  Solving for Ux, Initial residual = 0.00596864, Final residual = 0.000516438, No Iterations 2
smoothSolver:  Solving for Uy, Initial residual = 0.016916, Final residual = 0.0015662, No Iterations 2
smoothSolver:  Solving for Uz, Initial residual = 0.0154242, Final residual = 0.0014333, No Iterations 2
GAMG:  Solving for p, Initial residual = 0.169086, Final residual = 0.0109605, No Iterations 3
time step continuity errors : sum local = 0.000137957, global = -1.60272e-05, cumulative = -0.000920147
smoothSolver:  Solving for epsilon, Initial residual = 0.00948005, Final residual = 0.000318856, No Iterations 2
smoothSolver:  Solving for k, Initial residual = 0.0164889, Final residual = 0.00075721, No Iterations 2
ExecutionTime = 149.71 s  ClockTime = 151 s

Time = 37

smoothSolver:  Solving for Ux, Initial residual = 0.00589191, Final residual = 0.000516457, No Iterations 2
smoothSolver:  Solving for Uy, Initial residual = 0.0159409, Final residual = 0.00146651, No Iterations 2
smoothSolver:  Solving for Uz, Initial residual = 0.0146582, Final residual = 0.00135209, No Iterations 2
GAMG:  Solving for p, Initial residual = 0.122394, Final residual = 0.0101555, No Iterations 2
time step continuity errors : sum local = 0.000162287, global = 3.67115e-06, cumulative = -0.000916476
smoothSolver:  Solving for epsilon, Initial residual = 0.00930209, Final residual = 0.000313865, No Iterations 2
smoothSolver:  Solving for k, Initial residual = 0.0161893, Final residual = 0.000745098, No Iterations 2
ExecutionTime = 153.66 s  ClockTime = 155 s

Time = 38

smoothSolver:  Solving for Ux, Initial residual = 0.00582812, Final residual = 0.000515654, No Iterations 2
smoothSolver:  Solving for Uy, Initial residual = 0.0157396, Final residual = 0.00144637, No Iterations 2
smoothSolver:  Solving for Uz, Initial residual = 0.0146461, Final residual = 0.00135924, No Iterations 2
GAMG:  Solving for p, Initial residual = 0.102027, Final residual = 0.00782144, No Iterations 2
time step continuity errors : sum local = 0.000143282, global = 3.16814e-06, cumulative = -0.000913308
smoothSolver:  Solving for epsilon, Initial residual = 0.0090975, Final residual = 0.000307362, No Iterations 2
smoothSolver:  Solving for k, Initial residual = 0.0158764, Final residual = 0.000730331, No Iterations 2
ExecutionTime = 157.63 s  ClockTime = 159 s

Time = 39

smoothSolver:  Solving for Ux, Initial residual = 0.0056704, Final residual = 0.000503562, No Iterations 2
smoothSolver:  Solving for Uy, Initial residual = 0.0157197, Final residual = 0.00144631, No Iterations 2
smoothSolver:  Solving for Uz, Initial residual = 0.0145073, Final residual = 0.00134944, No Iterations 2
GAMG:  Solving for p, Initial residual = 0.0994107, Final residual = 0.00857908, No Iterations 2
time step continuity errors : sum local = 0.000153132, global = -4.69841e-06, cumulative = -0.000918007
smoothSolver:  Solving for epsilon, Initial residual = 0.00892833, Final residual = 0.000301975, No Iterations 2
smoothSolver:  Solving for k, Initial residual = 0.015605, Final residual = 0.000718141, No Iterations 2
ExecutionTime = 161.59 s  ClockTime = 163 s

Time = 40

smoothSolver:  Solving for Ux, Initial residual = 0.00549688, Final residual = 0.000486873, No Iterations 2
smoothSolver:  Solving for Uy, Initial residual = 0.015864, Final residual = 0.00146768, No Iterations 2
smoothSolver:  Solving for Uz, Initial residual = 0.0144099, Final residual = 0.0013427, No Iterations 2
GAMG:  Solving for p, Initial residual = 0.105012, Final residual = 0.0103455, No Iterations 2
time step continuity errors : sum local = 0.000167688, global = 1.35041e-05, cumulative = -0.000904503
smoothSolver:  Solving for epsilon, Initial residual = 0.0087435, Final residual = 0.000295623, No Iterations 2
smoothSolver:  Solving for k, Initial residual = 0.0153469, Final residual = 0.000704206, No Iterations 2
ExecutionTime = 165.55 s  ClockTime = 167 s

Time = 41

smoothSolver:  Solving for Ux, Initial residual = 0.00537444, Final residual = 0.000476003, No Iterations 2
smoothSolver:  Solving for Uy, Initial residual = 0.0158534, Final residual = 0.00147908, No Iterations 2
smoothSolver:  Solving for Uz, Initial residual = 0.0144732, Final residual = 0.00135642, No Iterations 2
GAMG:  Solving for p, Initial residual = 0.0997532, Final residual = 0.0091911, No Iterations 2
time step continuity errors : sum local = 0.000150116, global = 9.84392e-06, cumulative = -0.000894659
smoothSolver:  Solving for epsilon, Initial residual = 0.00858376, Final residual = 0.000290112, No Iterations 2
smoothSolver:  Solving for k, Initial residual = 0.0151041, Final residual = 0.000692231, No Iterations 2
ExecutionTime = 169.49 s  ClockTime = 171 s

Time = 42

smoothSolver:  Solving for Ux, Initial residual = 0.00528227, Final residual = 0.000471034, No Iterations 2
smoothSolver:  Solving for Uy, Initial residual = 0.0155215, Final residual = 0.00145611, No Iterations 2
smoothSolver:  Solving for Uz, Initial residual = 0.0144568, Final residual = 0.00136232, No Iterations 2
GAMG:  Solving for p, Initial residual = 0.0884393, Final residual = 0.00733741, No Iterations 2
time step continuity errors : sum local = 0.000127564, global = 5.59032e-06, cumulative = -0.000889068
smoothSolver:  Solving for epsilon, Initial residual = 0.00838998, Final residual = 0.000283371, No Iterations 2
smoothSolver:  Solving for k, Initial residual = 0.0148427, Final residual = 0.000679078, No Iterations 2
ExecutionTime = 173.42 s  ClockTime = 175 s

Time = 43

smoothSolver:  Solving for Ux, Initial residual = 0.00521485, Final residual = 0.000469697, No Iterations 2
smoothSolver:  Solving for Uy, Initial residual = 0.0151785, Final residual = 0.00142679, No Iterations 2
smoothSolver:  Solving for Uz, Initial residual = 0.0142809, Final residual = 0.00134877, No Iterations 2
GAMG:  Solving for p, Initial residual = 0.0774908, Final residual = 0.00590276, No Iterations 2
time step continuity errors : sum local = 0.000111067, global = -8.28374e-07, cumulative = -0.000889897
smoothSolver:  Solving for epsilon, Initial residual = 0.00821714, Final residual = 0.000277536, No Iterations 2
smoothSolver:  Solving for k, Initial residual = 0.0146098, Final residual = 0.000667172, No Iterations 2
ExecutionTime = 177.34 s  ClockTime = 178 s

Time = 44

smoothSolver:  Solving for Ux, Initial residual = 0.00514684, Final residual = 0.000466742, No Iterations 2
smoothSolver:  Solving for Uy, Initial residual = 0.0149168, Final residual = 0.00140298, No Iterations 2
smoothSolver:  Solving for Uz, Initial residual = 0.0139919, Final residual = 0.00132039, No Iterations 2
GAMG:  Solving for p, Initial residual = 0.0724684, Final residual = 0.00569734, No Iterations 2
time step continuity errors : sum local = 0.000110644, global = 8.99295e-07, cumulative = -0.000888997
smoothSolver:  Solving for epsilon, Initial residual = 0.00804637, Final residual = 0.000270596, No Iterations 2
smoothSolver:  Solving for k, Initial residual = 0.0143762, Final residual = 0.000654436, No Iterations 2
ExecutionTime = 181.29 s  ClockTime = 182 s

Time = 45

smoothSolver:  Solving for Ux, Initial residual = 0.0050675, Final residual = 0.000461362, No Iterations 2
smoothSolver:  Solving for Uy, Initial residual = 0.0146828, Final residual = 0.00138234, No Iterations 2
smoothSolver:  Solving for Uz, Initial residual = 0.0136399, Final residual = 0.00128505, No Iterations 2
GAMG:  Solving for p, Initial residual = 0.0696264, Final residual = 0.00605068, No Iterations 2
time step continuity errors : sum local = 0.000118132, global = 7.25503e-06, cumulative = -0.000881742
smoothSolver:  Solving for epsilon, Initial residual = 0.00789379, Final residual = 0.000264603, No Iterations 2
smoothSolver:  Solving for k, Initial residual = 0.014167, Final residual = 0.000643535, No Iterations 2
ExecutionTime = 185.23 s  ClockTime = 186 s

Time = 46

smoothSolver:  Solving for Ux, Initial residual = 0.00498948, Final residual = 0.000455646, No Iterations 2
smoothSolver:  Solving for Uy, Initial residual = 0.0144109, Final residual = 0.00136034, No Iterations 2
smoothSolver:  Solving for Uz, Initial residual = 0.0133233, Final residual = 0.00125399, No Iterations 2
GAMG:  Solving for p, Initial residual = 0.0667431, Final residual = 0.00560671, No Iterations 2
time step continuity errors : sum local = 0.000109283, global = 9.59803e-06, cumulative = -0.000872144
smoothSolver:  Solving for epsilon, Initial residual = 0.00772749, Final residual = 0.000258055, No Iterations 2
smoothSolver:  Solving for k, Initial residual = 0.0139463, Final residual = 0.000632238, No Iterations 2
ExecutionTime = 189.19 s  ClockTime = 190 s

Time = 47

smoothSolver:  Solving for Ux, Initial residual = 0.00491414, Final residual = 0.000450447, No Iterations 2
smoothSolver:  Solving for Uy, Initial residual = 0.0140981, Final residual = 0.0013364, No Iterations 2
smoothSolver:  Solving for Uz, Initial residual = 0.0131759, Final residual = 0.00124432, No Iterations 2
GAMG:  Solving for p, Initial residual = 0.064539, Final residual = 0.0046027, No Iterations 2
time step continuity errors : sum local = 8.88845e-05, global = 3.57675e-06, cumulative = -0.000868568
smoothSolver:  Solving for epsilon, Initial residual = 0.0075722, Final residual = 0.000252822, No Iterations 2
smoothSolver:  Solving for k, Initial residual = 0.0137522, Final residual = 0.000623714, No Iterations 2
ExecutionTime = 193.14 s  ClockTime = 194 s

Time = 48

smoothSolver:  Solving for Ux, Initial residual = 0.00484315, Final residual = 0.000445846, No Iterations 2
smoothSolver:  Solving for Uy, Initial residual = 0.0138017, Final residual = 0.00131427, No Iterations 2
smoothSolver:  Solving for Uz, Initial residual = 0.0130905, Final residual = 0.00124333, No Iterations 2
GAMG:  Solving for p, Initial residual = 0.0625628, Final residual = 0.00426507, No Iterations 2
time step continuity errors : sum local = 8.20115e-05, global = -1.74511e-06, cumulative = -0.000870313
smoothSolver:  Solving for epsilon, Initial residual = 0.00742178, Final residual = 0.000247634, No Iterations 2
smoothSolver:  Solving for k, Initial residual = 0.0135595, Final residual = 0.000616736, No Iterations 2
ExecutionTime = 197.09 s  ClockTime = 198 s

Time = 49

smoothSolver:  Solving for Ux, Initial residual = 0.00477509, Final residual = 0.000441421, No Iterations 2
smoothSolver:  Solving for Uy, Initial residual = 0.0135672, Final residual = 0.00129679, No Iterations 2
smoothSolver:  Solving for Uz, Initial residual = 0.013, Final residual = 0.00124014, No Iterations 2
GAMG:  Solving for p, Initial residual = 0.060783, Final residual = 0.00447191, No Iterations 2
time step continuity errors : sum local = 8.61874e-05, global = 5.95194e-07, cumulative = -0.000869717
smoothSolver:  Solving for epsilon, Initial residual = 0.00728452, Final residual = 0.000243667, No Iterations 2
smoothSolver:  Solving for k, Initial residual = 0.0133893, Final residual = 0.000612591, No Iterations 2
ExecutionTime = 201.02 s  ClockTime = 202 s

Time = 50

smoothSolver:  Solving for Ux, Initial residual = 0.00471066, Final residual = 0.000437051, No Iterations 2
smoothSolver:  Solving for Uy, Initial residual = 0.0134195, Final residual = 0.00128662, No Iterations 2
smoothSolver:  Solving for Uz, Initial residual = 0.0129248, Final residual = 0.00123697, No Iterations 2
GAMG:  Solving for p, Initial residual = 0.0570997, Final residual = 0.0047657, No Iterations 2
time step continuity errors : sum local = 9.51919e-05, global = 1.44393e-06, cumulative = -0.000868274
smoothSolver:  Solving for epsilon, Initial residual = 0.00713654, Final residual = 0.000239517, No Iterations 2
smoothSolver:  Solving for k, Initial residual = 0.0132175, Final residual = 0.000607992, No Iterations 2
ExecutionTime = 204.97 s  ClockTime = 206 s

Time = 51

smoothSolver:  Solving for Ux, Initial residual = 0.0046551, Final residual = 0.000433812, No Iterations 2
smoothSolver:  Solving for Uy, Initial residual = 0.0133328, Final residual = 0.00128294, No Iterations 2
smoothSolver:  Solving for Uz, Initial residual = 0.0128794, Final residual = 0.00123651, No Iterations 2
GAMG:  Solving for p, Initial residual = 0.0528361, Final residual = 0.00414731, No Iterations 2
time step continuity errors : sum local = 8.66303e-05, global = -1.76989e-06, cumulative = -0.000870043
smoothSolver:  Solving for epsilon, Initial residual = 0.0070017, Final residual = 0.000235909, No Iterations 2
smoothSolver:  Solving for k, Initial residual = 0.013044, Final residual = 0.000604651, No Iterations 2
ExecutionTime = 208.91 s  ClockTime = 210 s

Time = 52

smoothSolver:  Solving for Ux, Initial residual = 0.00459699, Final residual = 0.000430452, No Iterations 2
smoothSolver:  Solving for Uy, Initial residual = 0.0132105, Final residual = 0.00127628, No Iterations 2
smoothSolver:  Solving for Uz, Initial residual = 0.0128152, Final residual = 0.00123461, No Iterations 2
GAMG:  Solving for p, Initial residual = 0.0499569, Final residual = 0.00327983, No Iterations 2
time step continuity errors : sum local = 6.99292e-05, global = -7.56255e-07, cumulative = -0.0008708
smoothSolver:  Solving for epsilon, Initial residual = 0.00686564, Final residual = 0.000232197, No Iterations 2
smoothSolver:  Solving for k, Initial residual = 0.0128692, Final residual = 0.000600387, No Iterations 2
ExecutionTime = 212.86 s  ClockTime = 214 s

Time = 53

smoothSolver:  Solving for Ux, Initial residual = 0.00453693, Final residual = 0.000426689, No Iterations 2
smoothSolver:  Solving for Uy, Initial residual = 0.0130126, Final residual = 0.00126209, No Iterations 2
smoothSolver:  Solving for Uz, Initial residual = 0.0126875, Final residual = 0.00122615, No Iterations 2
GAMG:  Solving for p, Initial residual = 0.0480406, Final residual = 0.00302095, No Iterations 2
time step continuity errors : sum local = 6.51943e-05, global = -8.17645e-07, cumulative = -0.000871617
smoothSolver:  Solving for epsilon, Initial residual = 0.00674368, Final residual = 0.000228919, No Iterations 2
smoothSolver:  Solving for k, Initial residual = 0.0127059, Final residual = 0.000597182, No Iterations 2
ExecutionTime = 216.8 s  ClockTime = 218 s

Time = 54

smoothSolver:  Solving for Ux, Initial residual = 0.00448312, Final residual = 0.000422992, No Iterations 2
smoothSolver:  Solving for Uy, Initial residual = 0.0127967, Final residual = 0.00124519, No Iterations 2
smoothSolver:  Solving for Uz, Initial residual = 0.0125279, Final residual = 0.00121393, No Iterations 2
GAMG:  Solving for p, Initial residual = 0.0472257, Final residual = 0.00304053, No Iterations 2
time step continuity errors : sum local = 6.56337e-05, global = -6.08591e-07, cumulative = -0.000872226
smoothSolver:  Solving for epsilon, Initial residual = 0.00661307, Final residual = 0.000225326, No Iterations 2
smoothSolver:  Solving for k, Initial residual = 0.0125474, Final residual = 0.000593305, No Iterations 2
ExecutionTime = 220.74 s  ClockTime = 222 s

Time = 55

smoothSolver:  Solving for Ux, Initial residual = 0.00443817, Final residual = 0.000419531, No Iterations 2
smoothSolver:  Solving for Uy, Initial residual = 0.0125898, Final residual = 0.00122791, No Iterations 2
smoothSolver:  Solving for Uz, Initial residual = 0.0123605, Final residual = 0.00119984, No Iterations 2
GAMG:  Solving for p, Initial residual = 0.0460751, Final residual = 0.00320757, No Iterations 2
time step continuity errors : sum local = 6.96275e-05, global = 2.04935e-08, cumulative = -0.000872205
smoothSolver:  Solving for epsilon, Initial residual = 0.00649539, Final residual = 0.000222268, No Iterations 2
smoothSolver:  Solving for k, Initial residual = 0.0123855, Final residual = 0.000590282, No Iterations 2
ExecutionTime = 224.68 s  ClockTime = 226 s

Time = 56

smoothSolver:  Solving for Ux, Initial residual = 0.0043983, Final residual = 0.000416666, No Iterations 2
smoothSolver:  Solving for Uy, Initial residual = 0.0123876, Final residual = 0.00120996, No Iterations 2
smoothSolver:  Solving for Uz, Initial residual = 0.012201, Final residual = 0.00118527, No Iterations 2
GAMG:  Solving for p, Initial residual = 0.044225, Final residual = 0.00311266, No Iterations 2
time step continuity errors : sum local = 6.84815e-05, global = -1.57985e-07, cumulative = -0.000872363
smoothSolver:  Solving for epsilon, Initial residual = 0.00636759, Final residual = 0.00021906, No Iterations 2
smoothSolver:  Solving for k, Initial residual = 0.0122301, Final residual = 0.000586589, No Iterations 2
ExecutionTime = 228.6 s  ClockTime = 230 s

Time = 57

smoothSolver:  Solving for Ux, Initial residual = 0.00435624, Final residual = 0.000414254, No Iterations 2
smoothSolver:  Solving for Uy, Initial residual = 0.01219, Final residual = 0.00119215, No Iterations 2
smoothSolver:  Solving for Uz, Initial residual = 0.0120734, Final residual = 0.00117357, No Iterations 2
GAMG:  Solving for p, Initial residual = 0.0424231, Final residual = 0.00263335, No Iterations 2
time step continuity errors : sum local = 5.85659e-05, global = -8.69217e-07, cumulative = -0.000873233
smoothSolver:  Solving for epsilon, Initial residual = 0.00626181, Final residual = 0.000215931, No Iterations 2
smoothSolver:  Solving for k, Initial residual = 0.0120838, Final residual = 0.000583641, No Iterations 2
ExecutionTime = 232.53 s  ClockTime = 234 s

Time = 58

smoothSolver:  Solving for Ux, Initial residual = 0.00430938, Final residual = 0.000411712, No Iterations 2
smoothSolver:  Solving for Uy, Initial residual = 0.0120012, Final residual = 0.00117541, No Iterations 2
smoothSolver:  Solving for Uz, Initial residual = 0.0119693, Final residual = 0.00116488, No Iterations 2
GAMG:  Solving for p, Initial residual = 0.0409223, Final residual = 0.00234107, No Iterations 2
time step continuity errors : sum local = 5.24746e-05, global = -1.21415e-06, cumulative = -0.000874447
smoothSolver:  Solving for epsilon, Initial residual = 0.0061361, Final residual = 0.000212984, No Iterations 2
smoothSolver:  Solving for k, Initial residual = 0.0119451, Final residual = 0.000580014, No Iterations 2
ExecutionTime = 236.45 s  ClockTime = 238 s

Time = 59

smoothSolver:  Solving for Ux, Initial residual = 0.00426335, Final residual = 0.000408937, No Iterations 2
smoothSolver:  Solving for Uy, Initial residual = 0.0118233, Final residual = 0.00115982, No Iterations 2
smoothSolver:  Solving for Uz, Initial residual = 0.0118627, Final residual = 0.00115678, No Iterations 2
GAMG:  Solving for p, Initial residual = 0.040121, Final residual = 0.00229277, No Iterations 2
time step continuity errors : sum local = 5.17247e-05, global = -1.85093e-06, cumulative = -0.000876298
smoothSolver:  Solving for epsilon, Initial residual = 0.00602702, Final residual = 0.000209533, No Iterations 2
smoothSolver:  Solving for k, Initial residual = 0.0118061, Final residual = 0.000576732, No Iterations 2
ExecutionTime = 240.39 s  ClockTime = 242 s

Time = 60

smoothSolver:  Solving for Ux, Initial residual = 0.00422378, Final residual = 0.000406135, No Iterations 2
smoothSolver:  Solving for Uy, Initial residual = 0.0116685, Final residual = 0.00114629, No Iterations 2
smoothSolver:  Solving for Uz, Initial residual = 0.0117689, Final residual = 0.00115013, No Iterations 2
GAMG:  Solving for p, Initial residual = 0.0393831, Final residual = 0.00250451, No Iterations 2
time step continuity errors : sum local = 5.69642e-05, global = -1.90343e-06, cumulative = -0.000878201
smoothSolver:  Solving for epsilon, Initial residual = 0.00590625, Final residual = 0.000206663, No Iterations 2
smoothSolver:  Solving for k, Initial residual = 0.0116581, Final residual = 0.000572638, No Iterations 2
ExecutionTime = 244.34 s  ClockTime = 246 s

Time = 61

smoothSolver:  Solving for Ux, Initial residual = 0.00419063, Final residual = 0.000403449, No Iterations 2
smoothSolver:  Solving for Uy, Initial residual = 0.0115491, Final residual = 0.00113611, No Iterations 2
smoothSolver:  Solving for Uz, Initial residual = 0.0117085, Final residual = 0.00114688, No Iterations 2
GAMG:  Solving for p, Initial residual = 0.0379429, Final residual = 0.00261769, No Iterations 2
time step continuity errors : sum local = 6.0579e-05, global = -1.42735e-06, cumulative = -0.000879628
smoothSolver:  Solving for epsilon, Initial residual = 0.00581569, Final residual = 0.000203477, No Iterations 2
smoothSolver:  Solving for k, Initial residual = 0.0115209, Final residual = 0.000568988, No Iterations 2
ExecutionTime = 248.29 s  ClockTime = 250 s

Time = 62

smoothSolver:  Solving for Ux, Initial residual = 0.00415767, Final residual = 0.00040093, No Iterations 2
smoothSolver:  Solving for Uy, Initial residual = 0.011447, Final residual = 0.00112769, No Iterations 2
smoothSolver:  Solving for Uz, Initial residual = 0.0116718, Final residual = 0.0011462, No Iterations 2
GAMG:  Solving for p, Initial residual = 0.0367664, Final residual = 0.00236273, No Iterations 2
time step continuity errors : sum local = 5.50837e-05, global = -1.67883e-06, cumulative = -0.000881307
smoothSolver:  Solving for epsilon, Initial residual = 0.00569604, Final residual = 0.000200507, No Iterations 2
smoothSolver:  Solving for k, Initial residual = 0.0113849, Final residual = 0.000564828, No Iterations 2
ExecutionTime = 252.24 s  ClockTime = 254 s

Time = 63

smoothSolver:  Solving for Ux, Initial residual = 0.00412144, Final residual = 0.000398634, No Iterations 2
smoothSolver:  Solving for Uy, Initial residual = 0.0113296, Final residual = 0.00111774, No Iterations 2
smoothSolver:  Solving for Uz, Initial residual = 0.0116286, Final residual = 0.00114505, No Iterations 2
GAMG:  Solving for p, Initial residual = 0.0355828, Final residual = 0.00200653, No Iterations 2
time step continuity errors : sum local = 4.71798e-05, global = -1.86105e-06, cumulative = -0.000883168
smoothSolver:  Solving for epsilon, Initial residual = 0.00560648, Final residual = 0.00019709, No Iterations 2
smoothSolver:  Solving for k, Initial residual = 0.0112481, Final residual = 0.000560881, No Iterations 2
ExecutionTime = 256.21 s  ClockTime = 258 s

Time = 64

smoothSolver:  Solving for Ux, Initial residual = 0.00408441, Final residual = 0.000396323, No Iterations 2
smoothSolver:  Solving for Uy, Initial residual = 0.0111857, Final residual = 0.001105, No Iterations 2
smoothSolver:  Solving for Uz, Initial residual = 0.011554, Final residual = 0.00114048, No Iterations 2
GAMG:  Solving for p, Initial residual = 0.034792, Final residual = 0.00186329, No Iterations 2
time step continuity errors : sum local = 4.39779e-05, global = -1.68119e-06, cumulative = -0.00088485
smoothSolver:  Solving for epsilon, Initial residual = 0.005492, Final residual = 0.000194144, No Iterations 2
smoothSolver:  Solving for k, Initial residual = 0.0111089, Final residual = 0.000556461, No Iterations 2
ExecutionTime = 260.14 s  ClockTime = 262 s

Time = 65

smoothSolver:  Solving for Ux, Initial residual = 0.00405226, Final residual = 0.00039408, No Iterations 2
smoothSolver:  Solving for Uy, Initial residual = 0.0110331, Final residual = 0.00109118, No Iterations 2
smoothSolver:  Solving for Uz, Initial residual = 0.011463, Final residual = 0.00113368, No Iterations 2
GAMG:  Solving for p, Initial residual = 0.0343147, Final residual = 0.00191349, No Iterations 2
time step continuity errors : sum local = 4.52691e-05, global = -1.69669e-06, cumulative = -0.000886546
smoothSolver:  Solving for epsilon, Initial residual = 0.00540319, Final residual = 0.00019068, No Iterations 2
smoothSolver:  Solving for k, Initial residual = 0.0109788, Final residual = 0.000552251, No Iterations 2
ExecutionTime = 264.07 s  ClockTime = 266 s

Time = 66

smoothSolver:  Solving for Ux, Initial residual = 0.00402589, Final residual = 0.000391915, No Iterations 2
smoothSolver:  Solving for Uy, Initial residual = 0.0108874, Final residual = 0.00107761, No Iterations 2
smoothSolver:  Solving for Uz, Initial residual = 0.0113657, Final residual = 0.00112546, No Iterations 2
GAMG:  Solving for p, Initial residual = 0.0336714, Final residual = 0.0020247, No Iterations 2
time step continuity errors : sum local = 4.80508e-05, global = -1.62516e-06, cumulative = -0.000888171
smoothSolver:  Solving for epsilon, Initial residual = 0.0052872, Final residual = 0.000187721, No Iterations 2
smoothSolver:  Solving for k, Initial residual = 0.0108513, Final residual = 0.000547855, No Iterations 2
ExecutionTime = 268.03 s  ClockTime = 270 s

Time = 67

smoothSolver:  Solving for Ux, Initial residual = 0.00400062, Final residual = 0.000389724, No Iterations 2
smoothSolver:  Solving for Uy, Initial residual = 0.0107533, Final residual = 0.00106514, No Iterations 2
smoothSolver:  Solving for Uz, Initial residual = 0.0112712, Final residual = 0.00111711, No Iterations 2
GAMG:  Solving for p, Initial residual = 0.032862, Final residual = 0.00196927, No Iterations 2
time step continuity errors : sum local = 4.69034e-05, global = -1.3896e-06, cumulative = -0.000889561
smoothSolver:  Solving for epsilon, Initial residual = 0.00520205, Final residual = 0.000184269, No Iterations 2
smoothSolver:  Solving for k, Initial residual = 0.0107231, Final residual = 0.000543543, No Iterations 2
ExecutionTime = 271.98 s  ClockTime = 274 s

Time = 68

smoothSolver:  Solving for Ux, Initial residual = 0.00397223, Final residual = 0.000387496, No Iterations 2
smoothSolver:  Solving for Uy, Initial residual = 0.0106273, Final residual = 0.00105369, No Iterations 2
smoothSolver:  Solving for Uz, Initial residual = 0.0111825, Final residual = 0.0011096, No Iterations 2
GAMG:  Solving for p, Initial residual = 0.0320632, Final residual = 0.00179707, No Iterations 2
time step continuity errors : sum local = 4.29409e-05, global = -1.29136e-06, cumulative = -0.000890852
smoothSolver:  Solving for epsilon, Initial residual = 0.00509352, Final residual = 0.000181369, No Iterations 2
smoothSolver:  Solving for k, Initial residual = 0.0105927, Final residual = 0.000539175, No Iterations 2
ExecutionTime = 275.92 s  ClockTime = 278 s

Time = 69

smoothSolver:  Solving for Ux, Initial residual = 0.0039419, Final residual = 0.000385204, No Iterations 2
smoothSolver:  Solving for Uy, Initial residual = 0.0105017, Final residual = 0.00104253, No Iterations 2
smoothSolver:  Solving for Uz, Initial residual = 0.0111008, Final residual = 0.00110307, No Iterations 2
GAMG:  Solving for p, Initial residual = 0.0313301, Final residual = 0.00165845, No Iterations 2
time step continuity errors : sum local = 3.97785e-05, global = -1.38144e-06, cumulative = -0.000892234
smoothSolver:  Solving for epsilon, Initial residual = 0.00501565, Final residual = 0.000178086, No Iterations 2
smoothSolver:  Solving for k, Initial residual = 0.0104696, Final residual = 0.000535023, No Iterations 2
ExecutionTime = 279.85 s  ClockTime = 282 s

Time = 70

smoothSolver:  Solving for Ux, Initial residual = 0.00391281, Final residual = 0.000382925, No Iterations 2
smoothSolver:  Solving for Uy, Initial residual = 0.0103752, Final residual = 0.00103139, No Iterations 2
smoothSolver:  Solving for Uz, Initial residual = 0.0110236, Final residual = 0.00109705, No Iterations 2
GAMG:  Solving for p, Initial residual = 0.0308964, Final residual = 0.00166651, No Iterations 2
time step continuity errors : sum local = 4.00162e-05, global = -2.11351e-06, cumulative = -0.000894347
smoothSolver:  Solving for epsilon, Initial residual = 0.00490688, Final residual = 0.000175182, No Iterations 2
smoothSolver:  Solving for k, Initial residual = 0.0103505, Final residual = 0.000530824, No Iterations 2
ExecutionTime = 283.8 s  ClockTime = 286 s

Time = 71

smoothSolver:  Solving for Ux, Initial residual = 0.00388646, Final residual = 0.000380653, No Iterations 2
smoothSolver:  Solving for Uy, Initial residual = 0.0102548, Final residual = 0.0010207, No Iterations 2
smoothSolver:  Solving for Uz, Initial residual = 0.0109567, Final residual = 0.00109208, No Iterations 2
GAMG:  Solving for p, Initial residual = 0.030566, Final residual = 0.00173633, No Iterations 2
time step continuity errors : sum local = 4.17223e-05, global = -2.87302e-06, cumulative = -0.00089722
smoothSolver:  Solving for epsilon, Initial residual = 0.00482874, Final residual = 0.000171765, No Iterations 2
smoothSolver:  Solving for k, Initial residual = 0.0102299, Final residual = 0.000526663, No Iterations 2
ExecutionTime = 287.76 s  ClockTime = 290 s

Time = 72

smoothSolver:  Solving for Ux, Initial residual = 0.00386265, Final residual = 0.000378417, No Iterations 2
smoothSolver:  Solving for Uy, Initial residual = 0.0101462, Final residual = 0.00101117, No Iterations 2
smoothSolver:  Solving for Uz, Initial residual = 0.0109048, Final residual = 0.00108849, No Iterations 2
GAMG:  Solving for p, Initial residual = 0.0299946, Final residual = 0.00176746, No Iterations 2
time step continuity errors : sum local = 4.25299e-05, global = -2.60891e-06, cumulative = -0.000899829
smoothSolver:  Solving for epsilon, Initial residual = 0.00472657, Final residual = 0.000169047, No Iterations 2
smoothSolver:  Solving for k, Initial residual = 0.0101097, Final residual = 0.0005226, No Iterations 2
ExecutionTime = 291.71 s  ClockTime = 294 s

Time = 73

smoothSolver:  Solving for Ux, Initial residual = 0.00384127, Final residual = 0.000376534, No Iterations 2
smoothSolver:  Solving for Uy, Initial residual = 0.010051, Final residual = 0.00100291, No Iterations 2
smoothSolver:  Solving for Uz, Initial residual = 0.0108664, Final residual = 0.00108647, No Iterations 2
GAMG:  Solving for p, Initial residual = 0.0292303, Final residual = 0.00165678, No Iterations 2
time step continuity errors : sum local = 4.01474e-05, global = -2.43105e-06, cumulative = -0.00090226
smoothSolver:  Solving for epsilon, Initial residual = 0.00466019, Final residual = 0.000165914, No Iterations 2
smoothSolver:  Solving for k, Initial residual = 0.00999137, Final residual = 0.000518598, No Iterations 2
ExecutionTime = 295.66 s  ClockTime = 298 s

Time = 74

smoothSolver:  Solving for Ux, Initial residual = 0.00381827, Final residual = 0.000374798, No Iterations 2
smoothSolver:  Solving for Uy, Initial residual = 0.00995492, Final residual = 0.000994684, No Iterations 2
smoothSolver:  Solving for Uz, Initial residual = 0.0108253, Final residual = 0.000360956, No Iterations 3
GAMG:  Solving for p, Initial residual = 0.0287273, Final residual = 0.00154935, No Iterations 2
time step continuity errors : sum local = 3.79258e-05, global = -2.16515e-06, cumulative = -0.000904425
smoothSolver:  Solving for epsilon, Initial residual = 0.0045603, Final residual = 0.000163177, No Iterations 2
smoothSolver:  Solving for k, Initial residual = 0.00988148, Final residual = 0.000515015, No Iterations 2
ExecutionTime = 299.64 s  ClockTime = 302 s

Time = 75

smoothSolver:  Solving for Ux, Initial residual = 0.00380131, Final residual = 0.000373686, No Iterations 2
smoothSolver:  Solving for Uy, Initial residual = 0.00986016, Final residual = 0.000985958, No Iterations 2
smoothSolver:  Solving for Uz, Initial residual = 0.0106895, Final residual = 0.000357006, No Iterations 3
GAMG:  Solving for p, Initial residual = 0.0282922, Final residual = 0.00152292, No Iterations 2
time step continuity errors : sum local = 3.74014e-05, global = -1.88086e-06, cumulative = -0.000906306
smoothSolver:  Solving for epsilon, Initial residual = 0.00449167, Final residual = 0.000160114, No Iterations 2
smoothSolver:  Solving for k, Initial residual = 0.00976561, Final residual = 0.000511242, No Iterations 2
ExecutionTime = 303.64 s  ClockTime = 306 s

Time = 76

smoothSolver:  Solving for Ux, Initial residual = 0.00378523, Final residual = 0.000372558, No Iterations 2
smoothSolver:  Solving for Uy, Initial residual = 0.00976153, Final residual = 0.000323981, No Iterations 3
smoothSolver:  Solving for Uz, Initial residual = 0.0105443, Final residual = 0.000352564, No Iterations 3
GAMG:  Solving for p, Initial residual = 0.0282045, Final residual = 0.00151885, No Iterations 2
time step continuity errors : sum local = 3.74071e-05, global = -1.93822e-06, cumulative = -0.000908245
smoothSolver:  Solving for epsilon, Initial residual = 0.00439996, Final residual = 0.000157619, No Iterations 2
smoothSolver:  Solving for k, Initial residual = 0.00965049, Final residual = 0.000507704, No Iterations 2
ExecutionTime = 307.65 s  ClockTime = 310 s

Time = 77

smoothSolver:  Solving for Ux, Initial residual = 0.00377442, Final residual = 0.000371753, No Iterations 2
smoothSolver:  Solving for Uy, Initial residual = 0.00958437, Final residual = 0.000318509, No Iterations 3
smoothSolver:  Solving for Uz, Initial residual = 0.0104543, Final residual = 0.000349655, No Iterations 3
GAMG:  Solving for p, Initial residual = 0.0277445, Final residual = 0.00152899, No Iterations 2
time step continuity errors : sum local = 3.80065e-05, global = -1.95401e-06, cumulative = -0.000910199
smoothSolver:  Solving for epsilon, Initial residual = 0.00434051, Final residual = 0.000154799, No Iterations 2
smoothSolver:  Solving for k, Initial residual = 0.00954217, Final residual = 0.000504387, No Iterations 2
ExecutionTime = 311.68 s  ClockTime = 314 s

Time = 78

smoothSolver:  Solving for Ux, Initial residual = 0.00375776, Final residual = 0.000370349, No Iterations 2
smoothSolver:  Solving for Uy, Initial residual = 0.00941549, Final residual = 0.000313385, No Iterations 3
smoothSolver:  Solving for Uz, Initial residual = 0.0104162, Final residual = 0.000348406, No Iterations 3
GAMG:  Solving for p, Initial residual = 0.0271345, Final residual = 0.001528, No Iterations 2
time step continuity errors : sum local = 3.79348e-05, global = -1.95261e-06, cumulative = -0.000912151
smoothSolver:  Solving for epsilon, Initial residual = 0.00425193, Final residual = 0.000152438, No Iterations 2
smoothSolver:  Solving for k, Initial residual = 0.00943997, Final residual = 0.000501154, No Iterations 2
ExecutionTime = 315.7 s  ClockTime = 318 s

Time = 79

smoothSolver:  Solving for Ux, Initial residual = 0.00373177, Final residual = 0.000368172, No Iterations 2
smoothSolver:  Solving for Uy, Initial residual = 0.00930597, Final residual = 0.000310185, No Iterations 3
smoothSolver:  Solving for Uz, Initial residual = 0.010394, Final residual = 0.000347935, No Iterations 3
GAMG:  Solving for p, Initial residual = 0.0266069, Final residual = 0.00149151, No Iterations 2
time step continuity errors : sum local = 3.70728e-05, global = -2.23684e-06, cumulative = -0.000914388
smoothSolver:  Solving for epsilon, Initial residual = 0.00418878, Final residual = 0.000149782, No Iterations 2
smoothSolver:  Solving for k, Initial residual = 0.00932944, Final residual = 0.000497658, No Iterations 2
ExecutionTime = 319.7 s  ClockTime = 322 s

Time = 80

smoothSolver:  Solving for Ux, Initial residual = 0.00370107, Final residual = 0.000365656, No Iterations 2
smoothSolver:  Solving for Uy, Initial residual = 0.00924297, Final residual = 0.000308505, No Iterations 3
smoothSolver:  Solving for Uz, Initial residual = 0.0103506, Final residual = 0.000347075, No Iterations 3
GAMG:  Solving for p, Initial residual = 0.0261359, Final residual = 0.00144204, No Iterations 2
time step continuity errors : sum local = 3.59481e-05, global = -2.52783e-06, cumulative = -0.000916916
smoothSolver:  Solving for epsilon, Initial residual = 0.00410631, Final residual = 0.000147554, No Iterations 2
smoothSolver:  Solving for k, Initial residual = 0.0092195, Final residual = 0.000494551, No Iterations 2
ExecutionTime = 323.73 s  ClockTime = 326 s

Time = 81

smoothSolver:  Solving for Ux, Initial residual = 0.00367377, Final residual = 0.000363408, No Iterations 2
smoothSolver:  Solving for Uy, Initial residual = 0.00918495, Final residual = 0.000306936, No Iterations 3
smoothSolver:  Solving for Uz, Initial residual = 0.0102841, Final residual = 0.000345638, No Iterations 3
GAMG:  Solving for p, Initial residual = 0.02579, Final residual = 0.0014035, No Iterations 2
time step continuity errors : sum local = 3.50443e-05, global = -2.66012e-06, cumulative = -0.000919576
smoothSolver:  Solving for epsilon, Initial residual = 0.0040521, Final residual = 0.000145105, No Iterations 2
smoothSolver:  Solving for k, Initial residual = 0.00911721, Final residual = 0.000491393, No Iterations 2
ExecutionTime = 327.74 s  ClockTime = 330 s

Time = 82

smoothSolver:  Solving for Ux, Initial residual = 0.00365236, Final residual = 0.000361678, No Iterations 2
smoothSolver:  Solving for Uy, Initial residual = 0.00910535, Final residual = 0.000304673, No Iterations 3
smoothSolver:  Solving for Uz, Initial residual = 0.0102128, Final residual = 0.000343937, No Iterations 3
GAMG:  Solving for p, Initial residual = 0.0255534, Final residual = 0.00139222, No Iterations 2
time step continuity errors : sum local = 3.48219e-05, global = -2.74363e-06, cumulative = -0.00092232
smoothSolver:  Solving for epsilon, Initial residual = 0.00397447, Final residual = 0.000142981, No Iterations 2
smoothSolver:  Solving for k, Initial residual = 0.00901452, Final residual = 0.000488319, No Iterations 2
ExecutionTime = 331.77 s  ClockTime = 334 s

Time = 83

smoothSolver:  Solving for Ux, Initial residual = 0.00363493, Final residual = 0.00036027, No Iterations 2
smoothSolver:  Solving for Uy, Initial residual = 0.00900506, Final residual = 0.000301701, No Iterations 3
smoothSolver:  Solving for Uz, Initial residual = 0.0101551, Final residual = 0.000342556, No Iterations 3
GAMG:  Solving for p, Initial residual = 0.0252635, Final residual = 0.00139308, No Iterations 2
time step continuity errors : sum local = 3.49361e-05, global = -2.76443e-06, cumulative = -0.000925084
smoothSolver:  Solving for epsilon, Initial residual = 0.0039172, Final residual = 0.000140569, No Iterations 2
smoothSolver:  Solving for k, Initial residual = 0.00890984, Final residual = 0.00048519, No Iterations 2
ExecutionTime = 335.79 s  ClockTime = 338 s

Time = 84

smoothSolver:  Solving for Ux, Initial residual = 0.00361765, Final residual = 0.000358902, No Iterations 2
smoothSolver:  Solving for Uy, Initial residual = 0.00890207, Final residual = 0.000298603, No Iterations 3
smoothSolver:  Solving for Uz, Initial residual = 0.0101105, Final residual = 0.000341565, No Iterations 3
GAMG:  Solving for p, Initial residual = 0.0247961, Final residual = 0.00137253, No Iterations 2
time step continuity errors : sum local = 3.48026e-05, global = -1.93081e-06, cumulative = -0.000927015
smoothSolver:  Solving for epsilon, Initial residual = 0.00384605, Final residual = 0.000138538, No Iterations 2
smoothSolver:  Solving for k, Initial residual = 0.00880451, Final residual = 0.000482213, No Iterations 2
ExecutionTime = 339.81 s  ClockTime = 342 s

Time = 85

smoothSolver:  Solving for Ux, Initial residual = 0.00359936, Final residual = 0.000357568, No Iterations 2
smoothSolver:  Solving for Uy, Initial residual = 0.00881068, Final residual = 0.000295836, No Iterations 3
smoothSolver:  Solving for Uz, Initial residual = 0.0100698, Final residual = 0.000340852, No Iterations 3
GAMG:  Solving for p, Initial residual = 0.0244352, Final residual = 0.00132801, No Iterations 2
time step continuity errors : sum local = 3.37132e-05, global = -1.84282e-06, cumulative = -0.000928858
smoothSolver:  Solving for epsilon, Initial residual = 0.00379778, Final residual = 0.000136356, No Iterations 2
smoothSolver:  Solving for k, Initial residual = 0.00870382, Final residual = 0.000479353, No Iterations 2
ExecutionTime = 343.82 s  ClockTime = 346 s

Time = 86

smoothSolver:  Solving for Ux, Initial residual = 0.00357894, Final residual = 0.000356096, No Iterations 2
smoothSolver:  Solving for Uy, Initial residual = 0.00873035, Final residual = 0.000293406, No Iterations 3
smoothSolver:  Solving for Uz, Initial residual = 0.0100215, Final residual = 0.000339967, No Iterations 3
GAMG:  Solving for p, Initial residual = 0.0241277, Final residual = 0.00129694, No Iterations 2
time step continuity errors : sum local = 3.30006e-05, global = -1.91528e-06, cumulative = -0.000930773
smoothSolver:  Solving for epsilon, Initial residual = 0.00372856, Final residual = 0.00013442, No Iterations 2
smoothSolver:  Solving for k, Initial residual = 0.00860375, Final residual = 0.00047647, No Iterations 2
ExecutionTime = 347.86 s  ClockTime = 350 s

Time = 87

smoothSolver:  Solving for Ux, Initial residual = 0.00355878, Final residual = 0.000354535, No Iterations 2
smoothSolver:  Solving for Uy, Initial residual = 0.00865312, Final residual = 0.000291075, No Iterations 3
smoothSolver:  Solving for Uz, Initial residual = 0.00996606, Final residual = 0.000338874, No Iterations 3
GAMG:  Solving for p, Initial residual = 0.0238949, Final residual = 0.00129218, No Iterations 2
time step continuity errors : sum local = 3.29695e-05, global = -1.79583e-06, cumulative = -0.000932569
smoothSolver:  Solving for epsilon, Initial residual = 0.00367576, Final residual = 0.000132173, No Iterations 2
smoothSolver:  Solving for k, Initial residual = 0.00850023, Final residual = 0.000473514, No Iterations 2
ExecutionTime = 351.87 s  ClockTime = 354 s

Time = 88

smoothSolver:  Solving for Ux, Initial residual = 0.0035406, Final residual = 0.000353096, No Iterations 2
smoothSolver:  Solving for Uy, Initial residual = 0.00857439, Final residual = 0.000288749, No Iterations 3
smoothSolver:  Solving for Uz, Initial residual = 0.00990664, Final residual = 0.000337604, No Iterations 3
GAMG:  Solving for p, Initial residual = 0.0236539, Final residual = 0.00129334, No Iterations 2
time step continuity errors : sum local = 3.30551e-05, global = -1.76455e-06, cumulative = -0.000934333
smoothSolver:  Solving for epsilon, Initial residual = 0.00361388, Final residual = 0.000130443, No Iterations 2
smoothSolver:  Solving for k, Initial residual = 0.00839587, Final residual = 0.000470772, No Iterations 2
ExecutionTime = 355.87 s  ClockTime = 358 s

Time = 89

smoothSolver:  Solving for Ux, Initial residual = 0.003524, Final residual = 0.000351722, No Iterations 2
smoothSolver:  Solving for Uy, Initial residual = 0.00849428, Final residual = 0.000286353, No Iterations 3
smoothSolver:  Solving for Uz, Initial residual = 0.00985096, Final residual = 0.000336353, No Iterations 3
GAMG:  Solving for p, Initial residual = 0.0233731, Final residual = 0.00127761, No Iterations 2
time step continuity errors : sum local = 3.27165e-05, global = -1.75965e-06, cumulative = -0.000936093
smoothSolver:  Solving for epsilon, Initial residual = 0.00357175, Final residual = 0.000128435, No Iterations 2
smoothSolver:  Solving for k, Initial residual = 0.00829938, Final residual = 0.000468178, No Iterations 2
ExecutionTime = 359.86 s  ClockTime = 362 s

Time = 90

smoothSolver:  Solving for Ux, Initial residual = 0.00350705, Final residual = 0.000350357, No Iterations 2
smoothSolver:  Solving for Uy, Initial residual = 0.00841535, Final residual = 0.000283993, No Iterations 3
smoothSolver:  Solving for Uz, Initial residual = 0.00979891, Final residual = 0.00033514, No Iterations 3
GAMG:  Solving for p, Initial residual = 0.0230038, Final residual = 0.00124684, No Iterations 2
time step continuity errors : sum local = 3.22198e-05, global = -1.61518e-06, cumulative = -0.000937708
smoothSolver:  Solving for epsilon, Initial residual = 0.00351117, Final residual = 0.000126678, No Iterations 2
smoothSolver:  Solving for k, Initial residual = 0.0082035, Final residual = 0.000465517, No Iterations 2
ExecutionTime = 363.86 s  ClockTime = 366 s

Time = 91

smoothSolver:  Solving for Ux, Initial residual = 0.00348973, Final residual = 0.000117092, No Iterations 3
smoothSolver:  Solving for Uy, Initial residual = 0.00833854, Final residual = 0.000281682, No Iterations 3
smoothSolver:  Solving for Uz, Initial residual = 0.00974925, Final residual = 0.000334006, No Iterations 3
GAMG:  Solving for p, Initial residual = 0.0235595, Final residual = 0.00134011, No Iterations 2
time step continuity errors : sum local = 3.45645e-05, global = -1.01704e-06, cumulative = -0.000938725
smoothSolver:  Solving for epsilon, Initial residual = 0.00346582, Final residual = 0.000124796, No Iterations 2
smoothSolver:  Solving for k, Initial residual = 0.00810961, Final residual = 0.000463083, No Iterations 2
ExecutionTime = 367.91 s  ClockTime = 370 s

Time = 92

smoothSolver:  Solving for Ux, Initial residual = 0.0034593, Final residual = 0.000345899, No Iterations 2
smoothSolver:  Solving for Uy, Initial residual = 0.00832481, Final residual = 0.000281423, No Iterations 3
smoothSolver:  Solving for Uz, Initial residual = 0.00976913, Final residual = 0.000335197, No Iterations 3
GAMG:  Solving for p, Initial residual = 0.0227394, Final residual = 0.00121729, No Iterations 2
time step continuity errors : sum local = 3.14253e-05, global = -1.13342e-06, cumulative = -0.000939859
smoothSolver:  Solving for epsilon, Initial residual = 0.00340937, Final residual = 0.000123076, No Iterations 2
smoothSolver:  Solving for k, Initial residual = 0.00801357, Final residual = 0.000460633, No Iterations 2
ExecutionTime = 371.95 s  ClockTime = 374 s

Time = 93

smoothSolver:  Solving for Ux, Initial residual = 0.0034442, Final residual = 0.000115715, No Iterations 3
smoothSolver:  Solving for Uy, Initial residual = 0.00824966, Final residual = 0.000279197, No Iterations 3
smoothSolver:  Solving for Uz, Initial residual = 0.00972033, Final residual = 0.000334271, No Iterations 3
GAMG:  Solving for p, Initial residual = 0.0228026, Final residual = 0.00123777, No Iterations 2
time step continuity errors : sum local = 3.19753e-05, global = -6.60482e-07, cumulative = -0.000940519
smoothSolver:  Solving for epsilon, Initial residual = 0.00337104, Final residual = 0.000121383, No Iterations 2
smoothSolver:  Solving for k, Initial residual = 0.0079262, Final residual = 0.000458376, No Iterations 2
ExecutionTime = 375.98 s  ClockTime = 378 s

Time = 94

smoothSolver:  Solving for Ux, Initial residual = 0.00342602, Final residual = 0.000115143, No Iterations 3
smoothSolver:  Solving for Uy, Initial residual = 0.00819476, Final residual = 0.000277626, No Iterations 3
smoothSolver:  Solving for Uz, Initial residual = 0.00969316, Final residual = 0.000334015, No Iterations 3
GAMG:  Solving for p, Initial residual = 0.0227113, Final residual = 0.00123609, No Iterations 2
time step continuity errors : sum local = 3.19336e-05, global = -3.88858e-07, cumulative = -0.000940908
smoothSolver:  Solving for epsilon, Initial residual = 0.00332132, Final residual = 0.000119806, No Iterations 2
smoothSolver:  Solving for k, Initial residual = 0.00784336, Final residual = 0.000456264, No Iterations 2
ExecutionTime = 380.03 s  ClockTime = 383 s

Time = 95

smoothSolver:  Solving for Ux, Initial residual = 0.00340926, Final residual = 0.00011458, No Iterations 3
smoothSolver:  Solving for Uy, Initial residual = 0.00814403, Final residual = 0.000276142, No Iterations 3
smoothSolver:  Solving for Uz, Initial residual = 0.00966948, Final residual = 0.000333838, No Iterations 3
GAMG:  Solving for p, Initial residual = 0.0224005, Final residual = 0.00119951, No Iterations 2
time step continuity errors : sum local = 3.12229e-05, global = -6.20467e-08, cumulative = -0.00094097
smoothSolver:  Solving for epsilon, Initial residual = 0.00327699, Final residual = 0.000118158, No Iterations 2
smoothSolver:  Solving for k, Initial residual = 0.00776174, Final residual = 0.000454206, No Iterations 2
ExecutionTime = 384.09 s  ClockTime = 387 s

Time = 96

smoothSolver:  Solving for Ux, Initial residual = 0.00339488, Final residual = 0.000114139, No Iterations 3
smoothSolver:  Solving for Uy, Initial residual = 0.00808373, Final residual = 0.000274339, No Iterations 3
smoothSolver:  Solving for Uz, Initial residual = 0.00963204, Final residual = 0.000333152, No Iterations 3
GAMG:  Solving for p, Initial residual = 0.0222176, Final residual = 0.00118692, No Iterations 2
time step continuity errors : sum local = 3.08105e-05, global = -3.97837e-07, cumulative = -0.000941368
smoothSolver:  Solving for epsilon, Initial residual = 0.00323132, Final residual = 0.000116583, No Iterations 2
smoothSolver:  Solving for k, Initial residual = 0.00768164, Final residual = 0.000452173, No Iterations 2
ExecutionTime = 388.14 s  ClockTime = 391 s

Time = 97

smoothSolver:  Solving for Ux, Initial residual = 0.00338312, Final residual = 0.000113818, No Iterations 3
smoothSolver:  Solving for Uy, Initial residual = 0.00801302, Final residual = 0.000272136, No Iterations 3
smoothSolver:  Solving for Uz, Initial residual = 0.00957825, Final residual = 0.000331924, No Iterations 3
GAMG:  Solving for p, Initial residual = 0.0220734, Final residual = 0.00119043, No Iterations 2
time step continuity errors : sum local = 3.08804e-05, global = -8.60749e-07, cumulative = -0.000942229
smoothSolver:  Solving for epsilon, Initial residual = 0.0031937, Final residual = 0.000115041, No Iterations 2
smoothSolver:  Solving for k, Initial residual = 0.00761041, Final residual = 0.000450254, No Iterations 2
ExecutionTime = 392.19 s  ClockTime = 395 s

Time = 98

smoothSolver:  Solving for Ux, Initial residual = 0.00337233, Final residual = 0.000113559, No Iterations 3
smoothSolver:  Solving for Uy, Initial residual = 0.00794039, Final residual = 0.000269857, No Iterations 3
smoothSolver:  Solving for Uz, Initial residual = 0.00951749, Final residual = 0.000330394, No Iterations 3
GAMG:  Solving for p, Initial residual = 0.0219234, Final residual = 0.00119886, No Iterations 2
time step continuity errors : sum local = 3.11617e-05, global = -1.3156e-06, cumulative = -0.000943544
smoothSolver:  Solving for epsilon, Initial residual = 0.00315013, Final residual = 0.000113452, No Iterations 2
smoothSolver:  Solving for k, Initial residual = 0.00754444, Final residual = 0.000448449, No Iterations 2
ExecutionTime = 396.26 s  ClockTime = 399 s

Time = 99

smoothSolver:  Solving for Ux, Initial residual = 0.00336152, Final residual = 0.000113286, No Iterations 3
smoothSolver:  Solving for Uy, Initial residual = 0.00787273, Final residual = 0.000267732, No Iterations 3
smoothSolver:  Solving for Uz, Initial residual = 0.00945945, Final residual = 0.000328946, No Iterations 3
GAMG:  Solving for p, Initial residual = 0.0217604, Final residual = 0.0012002, No Iterations 2
time step continuity errors : sum local = 3.12292e-05, global = -1.6727e-06, cumulative = -0.000945217
smoothSolver:  Solving for epsilon, Initial residual = 0.00310811, Final residual = 0.000111933, No Iterations 2
smoothSolver:  Solving for k, Initial residual = 0.0074789, Final residual = 0.000446666, No Iterations 2
ExecutionTime = 400.31 s  ClockTime = 403 s

Time = 100

smoothSolver:  Solving for Ux, Initial residual = 0.00334955, Final residual = 0.000112982, No Iterations 3
smoothSolver:  Solving for Uy, Initial residual = 0.00781284, Final residual = 0.000265905, No Iterations 3
smoothSolver:  Solving for Uz, Initial residual = 0.00940854, Final residual = 0.00032775, No Iterations 3
GAMG:  Solving for p, Initial residual = 0.0215552, Final residual = 0.00119284, No Iterations 2
time step continuity errors : sum local = 3.10944e-05, global = -1.85485e-06, cumulative = -0.000947072
smoothSolver:  Solving for epsilon, Initial residual = 0.00306983, Final residual = 0.000110444, No Iterations 2
smoothSolver:  Solving for k, Initial residual = 0.00741781, Final residual = 0.000444909, No Iterations 2
ExecutionTime = 404.36 s  ClockTime = 407 s

Time = 101

smoothSolver:  Solving for Ux, Initial residual = 0.00333701, Final residual = 0.000112654, No Iterations 3
smoothSolver:  Solving for Uy, Initial residual = 0.00775748, Final residual = 0.00026422, No Iterations 3
smoothSolver:  Solving for Uz, Initial residual = 0.00936494, Final residual = 0.000326822, No Iterations 3
GAMG:  Solving for p, Initial residual = 0.0213126, Final residual = 0.00117191, No Iterations 2
time step continuity errors : sum local = 3.08096e-05, global = -1.56909e-06, cumulative = -0.000948641
smoothSolver:  Solving for epsilon, Initial residual = 0.00303813, Final residual = 0.000109085, No Iterations 2
smoothSolver:  Solving for k, Initial residual = 0.00736732, Final residual = 0.000443444, No Iterations 2
ExecutionTime = 408.42 s  ClockTime = 411 s

Time = 102

smoothSolver:  Solving for Ux, Initial residual = 0.00332458, Final residual = 0.000112334, No Iterations 3
smoothSolver:  Solving for Uy, Initial residual = 0.0077017, Final residual = 0.000262537, No Iterations 3
smoothSolver:  Solving for Uz, Initial residual = 0.00932307, Final residual = 0.000325984, No Iterations 3
GAMG:  Solving for p, Initial residual = 0.0211393, Final residual = 0.00115785, No Iterations 2
time step continuity errors : sum local = 3.04241e-05, global = -1.30691e-06, cumulative = -0.000949948
smoothSolver:  Solving for epsilon, Initial residual = 0.003001, Final residual = 0.000107629, No Iterations 2
smoothSolver:  Solving for k, Initial residual = 0.00732267, Final residual = 0.000442095, No Iterations 2
ExecutionTime = 412.47 s  ClockTime = 415 s

Time = 103

smoothSolver:  Solving for Ux, Initial residual = 0.00331311, Final residual = 0.000112034, No Iterations 3
smoothSolver:  Solving for Uy, Initial residual = 0.00764305, Final residual = 0.000260732, No Iterations 3
smoothSolver:  Solving for Uz, Initial residual = 0.00927972, Final residual = 0.000325101, No Iterations 3
GAMG:  Solving for p, Initial residual = 0.0209395, Final residual = 0.0011442, No Iterations 2
time step continuity errors : sum local = 3.00834e-05, global = -8.2222e-07, cumulative = -0.00095077
smoothSolver:  Solving for epsilon, Initial residual = 0.00296233, Final residual = 0.000106251, No Iterations 2
smoothSolver:  Solving for k, Initial residual = 0.00727849, Final residual = 0.000440616, No Iterations 2
ExecutionTime = 416.54 s  ClockTime = 419 s

Time = 104

smoothSolver:  Solving for Ux, Initial residual = 0.00330246, Final residual = 0.000111752, No Iterations 3
smoothSolver:  Solving for Uy, Initial residual = 0.00758257, Final residual = 0.000258861, No Iterations 3
smoothSolver:  Solving for Uz, Initial residual = 0.00923215, Final residual = 0.000324076, No Iterations 3
GAMG:  Solving for p, Initial residual = 0.0207245, Final residual = 0.00113556, No Iterations 2
time step continuity errors : sum local = 2.9861e-05, global = -2.47201e-07, cumulative = -0.000951017
smoothSolver:  Solving for epsilon, Initial residual = 0.00293047, Final residual = 0.000104913, No Iterations 2
smoothSolver:  Solving for k, Initial residual = 0.00723967, Final residual = 0.00043933, No Iterations 2
ExecutionTime = 420.6 s  ClockTime = 423 s

Time = 105

smoothSolver:  Solving for Ux, Initial residual = 0.00329273, Final residual = 0.000111461, No Iterations 3
smoothSolver:  Solving for Uy, Initial residual = 0.00752304, Final residual = 0.000256969, No Iterations 3
smoothSolver:  Solving for Uz, Initial residual = 0.00918281, Final residual = 0.000322957, No Iterations 3
GAMG:  Solving for p, Initial residual = 0.0205318, Final residual = 0.00112586, No Iterations 2
time step continuity errors : sum local = 2.96422e-05, global = -8.66199e-08, cumulative = -0.000951104
smoothSolver:  Solving for epsilon, Initial residual = 0.00290243, Final residual = 0.000103652, No Iterations 2
smoothSolver:  Solving for k, Initial residual = 0.00721005, Final residual = 0.000438254, No Iterations 2
ExecutionTime = 424.66 s  ClockTime = 427 s

Time = 106

smoothSolver:  Solving for Ux, Initial residual = 0.00328321, Final residual = 0.000111121, No Iterations 3
smoothSolver:  Solving for Uy, Initial residual = 0.00746515, Final residual = 0.000255111, No Iterations 3
smoothSolver:  Solving for Uz, Initial residual = 0.00913356, Final residual = 0.000321788, No Iterations 3
GAMG:  Solving for p, Initial residual = 0.0204098, Final residual = 0.00112279, No Iterations 2
time step continuity errors : sum local = 2.95204e-05, global = 4.38017e-08, cumulative = -0.00095106
smoothSolver:  Solving for epsilon, Initial residual = 0.00286823, Final residual = 0.000102256, No Iterations 2
smoothSolver:  Solving for k, Initial residual = 0.00718758, Final residual = 0.00043722, No Iterations 2
ExecutionTime = 428.72 s  ClockTime = 432 s

Time = 107

smoothSolver:  Solving for Ux, Initial residual = 0.00327334, Final residual = 0.000110768, No Iterations 3
smoothSolver:  Solving for Uy, Initial residual = 0.0074075, Final residual = 0.000253262, No Iterations 3
smoothSolver:  Solving for Uz, Initial residual = 0.00908482, Final residual = 0.000320581, No Iterations 3
GAMG:  Solving for p, Initial residual = 0.0202691, Final residual = 0.00111895, No Iterations 2
time step continuity errors : sum local = 2.93741e-05, global = -4.69879e-08, cumulative = -0.000951107
smoothSolver:  Solving for epsilon, Initial residual = 0.00283422, Final residual = 0.000101044, No Iterations 2
smoothSolver:  Solving for k, Initial residual = 0.00716644, Final residual = 0.000436214, No Iterations 2
ExecutionTime = 432.8 s  ClockTime = 436 s

Time = 108

smoothSolver:  Solving for Ux, Initial residual = 0.00326294, Final residual = 0.000110432, No Iterations 3
smoothSolver:  Solving for Uy, Initial residual = 0.00734945, Final residual = 0.000251432, No Iterations 3
smoothSolver:  Solving for Uz, Initial residual = 0.00903464, Final residual = 0.000319339, No Iterations 3
GAMG:  Solving for p, Initial residual = 0.0201343, Final residual = 0.00111966, No Iterations 2
time step continuity errors : sum local = 2.93596e-05, global = 1.92357e-08, cumulative = -0.000951088
smoothSolver:  Solving for epsilon, Initial residual = 0.00280627, Final residual = 9.97613e-05, No Iterations 2
smoothSolver:  Solving for k, Initial residual = 0.00714806, Final residual = 0.000435254, No Iterations 2
ExecutionTime = 436.85 s  ClockTime = 440 s

Time = 109

smoothSolver:  Solving for Ux, Initial residual = 0.0032525, Final residual = 0.000110138, No Iterations 3
smoothSolver:  Solving for Uy, Initial residual = 0.00729134, Final residual = 0.000249598, No Iterations 3
smoothSolver:  Solving for Uz, Initial residual = 0.00898392, Final residual = 0.000318071, No Iterations 3
GAMG:  Solving for p, Initial residual = 0.0199669, Final residual = 0.00111251, No Iterations 2
time step continuity errors : sum local = 2.93452e-05, global = 1.28721e-08, cumulative = -0.000951075
smoothSolver:  Solving for epsilon, Initial residual = 0.00278027, Final residual = 9.86115e-05, No Iterations 2
smoothSolver:  Solving for k, Initial residual = 0.00713357, Final residual = 0.000434145, No Iterations 2
ExecutionTime = 440.88 s  ClockTime = 444 s

Time = 110

smoothSolver:  Solving for Ux, Initial residual = 0.00324221, Final residual = 0.000109857, No Iterations 3
smoothSolver:  Solving for Uy, Initial residual = 0.00723427, Final residual = 0.000247799, No Iterations 3
smoothSolver:  Solving for Uz, Initial residual = 0.00893393, Final residual = 0.000316794, No Iterations 3
GAMG:  Solving for p, Initial residual = 0.0198265, Final residual = 0.00110878, No Iterations 2
time step continuity errors : sum local = 2.91792e-05, global = 5.83712e-08, cumulative = -0.000951016
smoothSolver:  Solving for epsilon, Initial residual = 0.00274826, Final residual = 9.73794e-05, No Iterations 2
smoothSolver:  Solving for k, Initial residual = 0.0071214, Final residual = 0.000433005, No Iterations 2
ExecutionTime = 444.93 s  ClockTime = 448 s

Time = 111

smoothSolver:  Solving for Ux, Initial residual = 0.00323208, Final residual = 0.000109576, No Iterations 3
smoothSolver:  Solving for Uy, Initial residual = 0.00717865, Final residual = 0.000246033, No Iterations 3
smoothSolver:  Solving for Uz, Initial residual = 0.00888605, Final residual = 0.000315524, No Iterations 3
GAMG:  Solving for p, Initial residual = 0.0196446, Final residual = 0.00109668, No Iterations 2
time step continuity errors : sum local = 2.88268e-05, global = -8.53028e-08, cumulative = -0.000951102
smoothSolver:  Solving for epsilon, Initial residual = 0.00271523, Final residual = 9.62028e-05, No Iterations 2
smoothSolver:  Solving for k, Initial residual = 0.00710132, Final residual = 0.000431628, No Iterations 2
ExecutionTime = 448.99 s  ClockTime = 452 s

Time = 112

smoothSolver:  Solving for Ux, Initial residual = 0.00322189, Final residual = 0.000109267, No Iterations 3
smoothSolver:  Solving for Uy, Initial residual = 0.00712333, Final residual = 0.000244326, No Iterations 3
smoothSolver:  Solving for Uz, Initial residual = 0.0088386, Final residual = 0.000314285, No Iterations 3
GAMG:  Solving for p, Initial residual = 0.019474, Final residual = 0.00108773, No Iterations 2
time step continuity errors : sum local = 2.85495e-05, global = -6.91802e-08, cumulative = -0.000951171
smoothSolver:  Solving for epsilon, Initial residual = 0.00268972, Final residual = 9.50634e-05, No Iterations 2
smoothSolver:  Solving for k, Initial residual = 0.00707781, Final residual = 0.000430221, No Iterations 2
ExecutionTime = 453.05 s  ClockTime = 456 s

Time = 113

smoothSolver:  Solving for Ux, Initial residual = 0.00321172, Final residual = 0.000108948, No Iterations 3
smoothSolver:  Solving for Uy, Initial residual = 0.00706879, Final residual = 0.000242636, No Iterations 3
smoothSolver:  Solving for Uz, Initial residual = 0.00879162, Final residual = 0.000313033, No Iterations 3
GAMG:  Solving for p, Initial residual = 0.0193313, Final residual = 0.00108115, No Iterations 2
time step continuity errors : sum local = 2.83256e-05, global = -5.1844e-08, cumulative = -0.000951223
smoothSolver:  Solving for epsilon, Initial residual = 0.00266551, Final residual = 9.40153e-05, No Iterations 2
smoothSolver:  Solving for k, Initial residual = 0.00705252, Final residual = 0.000428842, No Iterations 2
ExecutionTime = 457.12 s  ClockTime = 460 s

Time = 114

smoothSolver:  Solving for Ux, Initial residual = 0.00320162, Final residual = 0.000108636, No Iterations 3
smoothSolver:  Solving for Uy, Initial residual = 0.00701447, Final residual = 0.000240979, No Iterations 3
smoothSolver:  Solving for Uz, Initial residual = 0.00874424, Final residual = 0.000311759, No Iterations 3
GAMG:  Solving for p, Initial residual = 0.0191999, Final residual = 0.00108096, No Iterations 2
time step continuity errors : sum local = 2.82824e-05, global = -7.20203e-08, cumulative = -0.000951295
smoothSolver:  Solving for epsilon, Initial residual = 0.00263536, Final residual = 9.28211e-05, No Iterations 2
smoothSolver:  Solving for k, Initial residual = 0.00702711, Final residual = 0.000427485, No Iterations 2
ExecutionTime = 461.16 s  ClockTime = 464 s

Time = 115

smoothSolver:  Solving for Ux, Initial residual = 0.00319169, Final residual = 0.000108326, No Iterations 3
smoothSolver:  Solving for Uy, Initial residual = 0.00696042, Final residual = 0.000239329, No Iterations 3
smoothSolver:  Solving for Uz, Initial residual = 0.00869711, Final residual = 0.000310424, No Iterations 3
GAMG:  Solving for p, Initial residual = 0.0190661, Final residual = 0.00107976, No Iterations 2
time step continuity errors : sum local = 2.82426e-05, global = -6.25273e-08, cumulative = -0.000951357
smoothSolver:  Solving for epsilon, Initial residual = 0.00260467, Final residual = 9.17651e-05, No Iterations 2
smoothSolver:  Solving for k, Initial residual = 0.00699168, Final residual = 0.000425994, No Iterations 2
ExecutionTime = 465.2 s  ClockTime = 468 s

Time = 116

smoothSolver:  Solving for Ux, Initial residual = 0.00318173, Final residual = 0.000108022, No Iterations 3
smoothSolver:  Solving for Uy, Initial residual = 0.00690681, Final residual = 0.000237753, No Iterations 3
smoothSolver:  Solving for Uz, Initial residual = 0.00864875, Final residual = 0.000309044, No Iterations 3
GAMG:  Solving for p, Initial residual = 0.0189131, Final residual = 0.00108026, No Iterations 2
time step continuity errors : sum local = 2.82131e-05, global = -4.2849e-08, cumulative = -0.0009514
smoothSolver:  Solving for epsilon, Initial residual = 0.00258173, Final residual = 9.06463e-05, No Iterations 2
smoothSolver:  Solving for k, Initial residual = 0.00695147, Final residual = 0.000424288, No Iterations 2
ExecutionTime = 469.28 s  ClockTime = 472 s

Time = 117

smoothSolver:  Solving for Ux, Initial residual = 0.00317183, Final residual = 0.000107718, No Iterations 3
smoothSolver:  Solving for Uy, Initial residual = 0.00685499, Final residual = 0.000236245, No Iterations 3
smoothSolver:  Solving for Uz, Initial residual = 0.00860113, Final residual = 0.000307635, No Iterations 3
GAMG:  Solving for p, Initial residual = 0.0187956, Final residual = 0.00107984, No Iterations 2
time step continuity errors : sum local = 2.81749e-05, global = 2.06003e-08, cumulative = -0.00095138
smoothSolver:  Solving for epsilon, Initial residual = 0.00255934, Final residual = 8.97006e-05, No Iterations 2
smoothSolver:  Solving for k, Initial residual = 0.00691208, Final residual = 0.000422785, No Iterations 2
ExecutionTime = 473.31 s  ClockTime = 476 s

Time = 118

smoothSolver:  Solving for Ux, Initial residual = 0.00316181, Final residual = 0.000107419, No Iterations 3
smoothSolver:  Solving for Uy, Initial residual = 0.00680437, Final residual = 0.00023482, No Iterations 3
smoothSolver:  Solving for Uz, Initial residual = 0.00855365, Final residual = 0.000306245, No Iterations 3
GAMG:  Solving for p, Initial residual = 0.0186675, Final residual = 0.00107813, No Iterations 2
time step continuity errors : sum local = 2.81013e-05, global = 8.5001e-08, cumulative = -0.000951295
smoothSolver:  Solving for epsilon, Initial residual = 0.00253065, Final residual = 8.85729e-05, No Iterations 2
smoothSolver:  Solving for k, Initial residual = 0.00687197, Final residual = 0.00042113, No Iterations 2
ExecutionTime = 477.37 s  ClockTime = 481 s

Time = 119

smoothSolver:  Solving for Ux, Initial residual = 0.00315159, Final residual = 0.000107114, No Iterations 3
smoothSolver:  Solving for Uy, Initial residual = 0.00675484, Final residual = 0.000233417, No Iterations 3
smoothSolver:  Solving for Uz, Initial residual = 0.0085078, Final residual = 0.000304857, No Iterations 3
GAMG:  Solving for p, Initial residual = 0.0185405, Final residual = 0.00107227, No Iterations 2
time step continuity errors : sum local = 2.79099e-05, global = 1.24938e-07, cumulative = -0.00095117
smoothSolver:  Solving for epsilon, Initial residual = 0.00250195, Final residual = 8.76191e-05, No Iterations 2
smoothSolver:  Solving for k, Initial residual = 0.00682562, Final residual = 0.000419499, No Iterations 2
ExecutionTime = 481.42 s  ClockTime = 485 s

Time = 120

smoothSolver:  Solving for Ux, Initial residual = 0.00314121, Final residual = 0.0001068, No Iterations 3
smoothSolver:  Solving for Uy, Initial residual = 0.00670583, Final residual = 0.000232045, No Iterations 3
smoothSolver:  Solving for Uz, Initial residual = 0.00846192, Final residual = 0.000303483, No Iterations 3
GAMG:  Solving for p, Initial residual = 0.0184273, Final residual = 0.00107014, No Iterations 2
time step continuity errors : sum local = 2.78065e-05, global = 1.66249e-07, cumulative = -0.000951003
smoothSolver:  Solving for epsilon, Initial residual = 0.00247986, Final residual = 8.657e-05, No Iterations 2
smoothSolver:  Solving for k, Initial residual = 0.00677581, Final residual = 0.000417702, No Iterations 2
ExecutionTime = 485.5 s  ClockTime = 489 s

Time = 121

smoothSolver:  Solving for Ux, Initial residual = 0.00313089, Final residual = 0.00010648, No Iterations 3
smoothSolver:  Solving for Uy, Initial residual = 0.00665831, Final residual = 0.000230655, No Iterations 3
smoothSolver:  Solving for Uz, Initial residual = 0.00841694, Final residual = 0.000302108, No Iterations 3
GAMG:  Solving for p, Initial residual = 0.018344, Final residual = 0.00106735, No Iterations 2
time step continuity errors : sum local = 2.76939e-05, global = 1.96209e-07, cumulative = -0.000950807
smoothSolver:  Solving for epsilon, Initial residual = 0.00245962, Final residual = 8.56926e-05, No Iterations 2
smoothSolver:  Solving for k, Initial residual = 0.00672669, Final residual = 0.000416004, No Iterations 2
ExecutionTime = 489.58 s  ClockTime = 493 s

Time = 122

smoothSolver:  Solving for Ux, Initial residual = 0.00312057, Final residual = 0.000106159, No Iterations 3
smoothSolver:  Solving for Uy, Initial residual = 0.00661151, Final residual = 0.000229285, No Iterations 3
smoothSolver:  Solving for Uz, Initial residual = 0.00837164, Final residual = 0.000300741, No Iterations 3
GAMG:  Solving for p, Initial residual = 0.0182812, Final residual = 0.0010653, No Iterations 2
time step continuity errors : sum local = 2.75952e-05, global = 2.28863e-07, cumulative = -0.000950578
smoothSolver:  Solving for epsilon, Initial residual = 0.00243397, Final residual = 8.46667e-05, No Iterations 2
smoothSolver:  Solving for k, Initial residual = 0.00667812, Final residual = 0.000414156, No Iterations 2
ExecutionTime = 493.63 s  ClockTime = 497 s

Time = 123

smoothSolver:  Solving for Ux, Initial residual = 0.00311012, Final residual = 0.000105834, No Iterations 3
smoothSolver:  Solving for Uy, Initial residual = 0.00656617, Final residual = 0.000227902, No Iterations 3
smoothSolver:  Solving for Uz, Initial residual = 0.0083272, Final residual = 0.000299367, No Iterations 3
GAMG:  Solving for p, Initial residual = 0.0182367, Final residual = 0.00106511, No Iterations 2
time step continuity errors : sum local = 2.7548e-05, global = 2.54791e-07, cumulative = -0.000950324
smoothSolver:  Solving for epsilon, Initial residual = 0.00240821, Final residual = 8.37767e-05, No Iterations 2
smoothSolver:  Solving for k, Initial residual = 0.00662436, Final residual = 0.000412415, No Iterations 2
ExecutionTime = 497.69 s  ClockTime = 501 s

Time = 124

smoothSolver:  Solving for Ux, Initial residual = 0.00309953, Final residual = 0.00010551, No Iterations 3
smoothSolver:  Solving for Uy, Initial residual = 0.00652101, Final residual = 0.000226537, No Iterations 3
smoothSolver:  Solving for Uz, Initial residual = 0.00828153, Final residual = 0.000297993, No Iterations 3
GAMG:  Solving for p, Initial residual = 0.0181742, Final residual = 0.00106885, No Iterations 2
time step continuity errors : sum local = 2.75886e-05, global = 2.72954e-07, cumulative = -0.000950051
smoothSolver:  Solving for epsilon, Initial residual = 0.00238812, Final residual = 8.28215e-05, No Iterations 2
smoothSolver:  Solving for k, Initial residual = 0.00656819, Final residual = 0.000410453, No Iterations 2
ExecutionTime = 501.74 s  ClockTime = 505 s

Time = 125

smoothSolver:  Solving for Ux, Initial residual = 0.00308893, Final residual = 0.000105186, No Iterations 3
smoothSolver:  Solving for Uy, Initial residual = 0.00647706, Final residual = 0.000225166, No Iterations 3
smoothSolver:  Solving for Uz, Initial residual = 0.00823642, Final residual = 0.000296615, No Iterations 3
GAMG:  Solving for p, Initial residual = 0.0181231, Final residual = 0.00107132, No Iterations 2
time step continuity errors : sum local = 2.76069e-05, global = 2.80858e-07, cumulative = -0.00094977
smoothSolver:  Solving for epsilon, Initial residual = 0.00237044, Final residual = 8.20386e-05, No Iterations 2
smoothSolver:  Solving for k, Initial residual = 0.00651639, Final residual = 0.000408806, No Iterations 2
ExecutionTime = 505.79 s  ClockTime = 509 s

Time = 126

smoothSolver:  Solving for Ux, Initial residual = 0.00307819, Final residual = 0.000104861, No Iterations 3
smoothSolver:  Solving for Uy, Initial residual = 0.00643359, Final residual = 0.000223839, No Iterations 3
smoothSolver:  Solving for Uz, Initial residual = 0.0081909, Final residual = 0.000295246, No Iterations 3
GAMG:  Solving for p, Initial residual = 0.0180921, Final residual = 0.00107411, No Iterations 2
time step continuity errors : sum local = 2.76183e-05, global = 2.96011e-07, cumulative = -0.000949474
smoothSolver:  Solving for epsilon, Initial residual = 0.00234648, Final residual = 8.11187e-05, No Iterations 2
smoothSolver:  Solving for k, Initial residual = 0.00646493, Final residual = 0.000406863, No Iterations 2
ExecutionTime = 509.86 s  ClockTime = 513 s

Time = 127

smoothSolver:  Solving for Ux, Initial residual = 0.00306742, Final residual = 0.000104533, No Iterations 3
smoothSolver:  Solving for Uy, Initial residual = 0.00639195, Final residual = 0.000222514, No Iterations 3
smoothSolver:  Solving for Uz, Initial residual = 0.00814732, Final residual = 0.000293884, No Iterations 3
GAMG:  Solving for p, Initial residual = 0.0180517, Final residual = 0.00107273, No Iterations 2
time step continuity errors : sum local = 2.75293e-05, global = 3.15283e-07, cumulative = -0.000949158
smoothSolver:  Solving for epsilon, Initial residual = 0.00232301, Final residual = 8.02717e-05, No Iterations 2
smoothSolver:  Solving for k, Initial residual = 0.00640997, Final residual = 0.000405081, No Iterations 2
ExecutionTime = 513.9 s  ClockTime = 517 s

Time = 128

smoothSolver:  Solving for Ux, Initial residual = 0.00305639, Final residual = 0.000104201, No Iterations 3
smoothSolver:  Solving for Uy, Initial residual = 0.00635085, Final residual = 0.000221232, No Iterations 3
smoothSolver:  Solving for Uz, Initial residual = 0.00810308, Final residual = 0.000292552, No Iterations 3
GAMG:  Solving for p, Initial residual = 0.0179952, Final residual = 0.00106975, No Iterations 2
time step continuity errors : sum local = 2.73909e-05, global = 3.37158e-07, cumulative = -0.000948821
smoothSolver:  Solving for epsilon, Initial residual = 0.00230286, Final residual = 7.94042e-05, No Iterations 2
smoothSolver:  Solving for k, Initial residual = 0.00635262, Final residual = 0.000403081, No Iterations 2
ExecutionTime = 517.95 s  ClockTime = 521 s

Time = 129

smoothSolver:  Solving for Ux, Initial residual = 0.00304532, Final residual = 0.000103861, No Iterations 3
smoothSolver:  Solving for Uy, Initial residual = 0.00631148, Final residual = 0.000219965, No Iterations 3
smoothSolver:  Solving for Uz, Initial residual = 0.00806007, Final residual = 0.000291248, No Iterations 3
GAMG:  Solving for p, Initial residual = 0.0178948, Final residual = 0.00106031, No Iterations 2
time step continuity errors : sum local = 2.71908e-05, global = 3.93514e-07, cumulative = -0.000948428
smoothSolver:  Solving for epsilon, Initial residual = 0.00228659, Final residual = 7.86781e-05, No Iterations 2
smoothSolver:  Solving for k, Initial residual = 0.00629969, Final residual = 0.00040134, No Iterations 2
ExecutionTime = 522.02 s  ClockTime = 526 s

Time = 130

smoothSolver:  Solving for Ux, Initial residual = 0.00303408, Final residual = 0.000103519, No Iterations 3
smoothSolver:  Solving for Uy, Initial residual = 0.00627286, Final residual = 0.000218742, No Iterations 3
smoothSolver:  Solving for Uz, Initial residual = 0.00801701, Final residual = 0.000289985, No Iterations 3
GAMG:  Solving for p, Initial residual = 0.017931, Final residual = 0.001061, No Iterations 2
time step continuity errors : sum local = 2.70517e-05, global = 4.34325e-07, cumulative = -0.000947993
smoothSolver:  Solving for epsilon, Initial residual = 0.00226394, Final residual = 7.78129e-05, No Iterations 2
smoothSolver:  Solving for k, Initial residual = 0.0062487, Final residual = 0.000399264, No Iterations 2
ExecutionTime = 526.07 s  ClockTime = 530 s

Time = 131

smoothSolver:  Solving for Ux, Initial residual = 0.00302269, Final residual = 0.000103169, No Iterations 3
smoothSolver:  Solving for Uy, Initial residual = 0.00623528, Final residual = 0.000217521, No Iterations 3
smoothSolver:  Solving for Uz, Initial residual = 0.00797558, Final residual = 0.000288726, No Iterations 3
GAMG:  Solving for p, Initial residual = 0.0179123, Final residual = 0.00105947, No Iterations 2
time step continuity errors : sum local = 2.69232e-05, global = 4.6998e-07, cumulative = -0.000947523
smoothSolver:  Solving for epsilon, Initial residual = 0.00224258, Final residual = 7.70826e-05, No Iterations 2
smoothSolver:  Solving for k, Initial residual = 0.00619589, Final residual = 0.00039755, No Iterations 2
ExecutionTime = 530.12 s  ClockTime = 534 s

Time = 132

smoothSolver:  Solving for Ux, Initial residual = 0.00301109, Final residual = 0.000102814, No Iterations 3
smoothSolver:  Solving for Uy, Initial residual = 0.00619773, Final residual = 0.000216349, No Iterations 3
smoothSolver:  Solving for Uz, Initial residual = 0.00793291, Final residual = 0.000287478, No Iterations 3
GAMG:  Solving for p, Initial residual = 0.0178712, Final residual = 0.00105819, No Iterations 2
time step continuity errors : sum local = 2.68251e-05, global = 5.18121e-07, cumulative = -0.000947005
smoothSolver:  Solving for epsilon, Initial residual = 0.00222372, Final residual = 7.62713e-05, No Iterations 2
smoothSolver:  Solving for k, Initial residual = 0.00614147, Final residual = 0.000395452, No Iterations 2
ExecutionTime = 534.19 s  ClockTime = 538 s

Time = 133

smoothSolver:  Solving for Ux, Initial residual = 0.00299936, Final residual = 0.000102452, No Iterations 3
smoothSolver:  Solving for Uy, Initial residual = 0.00616159, Final residual = 0.000215186, No Iterations 3
smoothSolver:  Solving for Uz, Initial residual = 0.00789071, Final residual = 0.000286209, No Iterations 3
GAMG:  Solving for p, Initial residual = 0.0178722, Final residual = 0.00105927, No Iterations 2
time step continuity errors : sum local = 2.67492e-05, global = 5.46134e-07, cumulative = -0.000946459
smoothSolver:  Solving for epsilon, Initial residual = 0.0022093, Final residual = 7.56013e-05, No Iterations 2
smoothSolver:  Solving for k, Initial residual = 0.0060912, Final residual = 0.000393664, No Iterations 2
ExecutionTime = 538.26 s  ClockTime = 542 s

Time = 134

smoothSolver:  Solving for Ux, Initial residual = 0.00298741, Final residual = 0.000102085, No Iterations 3
smoothSolver:  Solving for Uy, Initial residual = 0.00612578, Final residual = 0.000214073, No Iterations 3
smoothSolver:  Solving for Uz, Initial residual = 0.00784794, Final residual = 0.000284946, No Iterations 3
GAMG:  Solving for p, Initial residual = 0.0178627, Final residual = 0.00105975, No Iterations 2
time step continuity errors : sum local = 2.66912e-05, global = 5.70193e-07, cumulative = -0.000945889
smoothSolver:  Solving for epsilon, Initial residual = 0.002188, Final residual = 7.47849e-05, No Iterations 2
smoothSolver:  Solving for k, Initial residual = 0.00604344, Final residual = 0.000391606, No Iterations 2
ExecutionTime = 542.32 s  ClockTime = 546 s

Time = 135

smoothSolver:  Solving for Ux, Initial residual = 0.00297528, Final residual = 0.00010171, No Iterations 3
smoothSolver:  Solving for Uy, Initial residual = 0.00609078, Final residual = 0.000212973, No Iterations 3
smoothSolver:  Solving for Uz, Initial residual = 0.00780645, Final residual = 0.000283666, No Iterations 3
GAMG:  Solving for p, Initial residual = 0.0178196, Final residual = 0.00105935, No Iterations 2
time step continuity errors : sum local = 2.66046e-05, global = 5.88598e-07, cumulative = -0.0009453
smoothSolver:  Solving for epsilon, Initial residual = 0.00216866, Final residual = 7.40919e-05, No Iterations 2
smoothSolver:  Solving for k, Initial residual = 0.00599364, Final residual = 0.000389863, No Iterations 2
ExecutionTime = 546.38 s  ClockTime = 550 s

Time = 136

smoothSolver:  Solving for Ux, Initial residual = 0.00296292, Final residual = 0.00010133, No Iterations 3
smoothSolver:  Solving for Uy, Initial residual = 0.00605594, Final residual = 0.000211912, No Iterations 3
smoothSolver:  Solving for Uz, Initial residual = 0.00776355, Final residual = 0.00028238, No Iterations 3
GAMG:  Solving for p, Initial residual = 0.0177714, Final residual = 0.00105853, No Iterations 2
time step continuity errors : sum local = 2.65145e-05, global = 5.97817e-07, cumulative = -0.000944703
smoothSolver:  Solving for epsilon, Initial residual = 0.00214998, Final residual = 7.33277e-05, No Iterations 2
smoothSolver:  Solving for k, Initial residual = 0.00594262, Final residual = 0.000387812, No Iterations 2
ExecutionTime = 550.43 s  ClockTime = 554 s

Time = 137

smoothSolver:  Solving for Ux, Initial residual = 0.00295038, Final residual = 0.000100943, No Iterations 3
smoothSolver:  Solving for Uy, Initial residual = 0.00602195, Final residual = 0.000210859, No Iterations 3
smoothSolver:  Solving for Uz, Initial residual = 0.0077214, Final residual = 0.000281071, No Iterations 3
GAMG:  Solving for p, Initial residual = 0.0177145, Final residual = 0.00105551, No Iterations 2
time step continuity errors : sum local = 2.63603e-05, global = 6.10083e-07, cumulative = -0.000944092
smoothSolver:  Solving for epsilon, Initial residual = 0.00213817, Final residual = 7.27449e-05, No Iterations 2
smoothSolver:  Solving for k, Initial residual = 0.00589622, Final residual = 0.000386023, No Iterations 2
ExecutionTime = 554.47 s  ClockTime = 558 s

Time = 138

smoothSolver:  Solving for Ux, Initial residual = 0.00293773, Final residual = 0.000100551, No Iterations 3
smoothSolver:  Solving for Uy, Initial residual = 0.00598876, Final residual = 0.000209848, No Iterations 3
smoothSolver:  Solving for Uz, Initial residual = 0.00767883, Final residual = 0.000279767, No Iterations 3
GAMG:  Solving for p, Initial residual = 0.0176825, Final residual = 0.00104927, No Iterations 2
time step continuity errors : sum local = 2.61457e-05, global = 6.87456e-07, cumulative = -0.000943405
smoothSolver:  Solving for epsilon, Initial residual = 0.0021183, Final residual = 7.19837e-05, No Iterations 2
smoothSolver:  Solving for k, Initial residual = 0.00585319, Final residual = 0.000384052, No Iterations 2
ExecutionTime = 558.53 s  ClockTime = 562 s

Time = 139

smoothSolver:  Solving for Ux, Initial residual = 0.00292495, Final residual = 0.000100153, No Iterations 3
smoothSolver:  Solving for Uy, Initial residual = 0.00595599, Final residual = 0.000208833, No Iterations 3
smoothSolver:  Solving for Uz, Initial residual = 0.00763702, Final residual = 0.000278451, No Iterations 3
GAMG:  Solving for p, Initial residual = 0.0176472, Final residual = 0.00104675, No Iterations 2
time step continuity errors : sum local = 2.59777e-05, global = 7.05934e-07, cumulative = -0.000942699
smoothSolver:  Solving for epsilon, Initial residual = 0.00210097, Final residual = 7.13714e-05, No Iterations 2
smoothSolver:  Solving for k, Initial residual = 0.00580647, Final residual = 0.000382284, No Iterations 2
ExecutionTime = 562.58 s  ClockTime = 566 s

Time = 140

smoothSolver:  Solving for Ux, Initial residual = 0.00291189, Final residual = 9.97512e-05, No Iterations 3
smoothSolver:  Solving for Uy, Initial residual = 0.00592356, Final residual = 0.000207863, No Iterations 3
smoothSolver:  Solving for Uz, Initial residual = 0.00759447, Final residual = 0.00027713, No Iterations 3
GAMG:  Solving for p, Initial residual = 0.0175708, Final residual = 0.00104291, No Iterations 2
time step continuity errors : sum local = 2.58277e-05, global = 7.2206e-07, cumulative = -0.000941977
smoothSolver:  Solving for epsilon, Initial residual = 0.00208194, Final residual = 7.06423e-05, No Iterations 2
smoothSolver:  Solving for k, Initial residual = 0.00575895, Final residual = 0.00038025, No Iterations 2
ExecutionTime = 566.63 s  ClockTime = 570 s

Time = 141

smoothSolver:  Solving for Ux, Initial residual = 0.00289883, Final residual = 9.93455e-05, No Iterations 3
smoothSolver:  Solving for Uy, Initial residual = 0.005892, Final residual = 0.000206886, No Iterations 3
smoothSolver:  Solving for Uz, Initial residual = 0.00755256, Final residual = 0.000275772, No Iterations 3
GAMG:  Solving for p, Initial residual = 0.0175263, Final residual = 0.00104001, No Iterations 2
time step continuity errors : sum local = 2.56749e-05, global = 7.33971e-07, cumulative = -0.000941243
smoothSolver:  Solving for epsilon, Initial residual = 0.00207258, Final residual = 7.00916e-05, No Iterations 2
smoothSolver:  Solving for k, Initial residual = 0.00571679, Final residual = 0.000378583, No Iterations 2
ExecutionTime = 570.68 s  ClockTime = 575 s

Time = 142

smoothSolver:  Solving for Ux, Initial residual = 0.00288559, Final residual = 9.89359e-05, No Iterations 3
smoothSolver:  Solving for Uy, Initial residual = 0.00586083, Final residual = 0.000205947, No Iterations 3
smoothSolver:  Solving for Uz, Initial residual = 0.00751016, Final residual = 0.000274406, No Iterations 3
GAMG:  Solving for p, Initial residual = 0.0174743, Final residual = 0.00103796, No Iterations 2
time step continuity errors : sum local = 2.55409e-05, global = 7.34629e-07, cumulative = -0.000940508
smoothSolver:  Solving for epsilon, Initial residual = 0.00205283, Final residual = 6.94004e-05, No Iterations 2
smoothSolver:  Solving for k, Initial residual = 0.00567677, Final residual = 0.000376641, No Iterations 2
ExecutionTime = 574.74 s  ClockTime = 579 s

Time = 143

smoothSolver:  Solving for Ux, Initial residual = 0.00287227, Final residual = 9.85214e-05, No Iterations 3
smoothSolver:  Solving for Uy, Initial residual = 0.00583017, Final residual = 0.000204986, No Iterations 3
smoothSolver:  Solving for Uz, Initial residual = 0.00746905, Final residual = 0.000273018, No Iterations 3
GAMG:  Solving for p, Initial residual = 0.0174166, Final residual = 0.00103531, No Iterations 2
time step continuity errors : sum local = 2.53967e-05, global = 7.34923e-07, cumulative = -0.000939774
smoothSolver:  Solving for epsilon, Initial residual = 0.00203792, Final residual = 6.88235e-05, No Iterations 2
smoothSolver:  Solving for k, Initial residual = 0.0056337, Final residual = 0.000374832, No Iterations 2
ExecutionTime = 578.86 s  ClockTime = 583 s

Time = 144

smoothSolver:  Solving for Ux, Initial residual = 0.00285861, Final residual = 9.80987e-05, No Iterations 3
smoothSolver:  Solving for Uy, Initial residual = 0.00579937, Final residual = 0.000204063, No Iterations 3
smoothSolver:  Solving for Uz, Initial residual = 0.00742694, Final residual = 0.000271635, No Iterations 3
GAMG:  Solving for p, Initial residual = 0.0173772, Final residual = 0.00103351, No Iterations 2
time step continuity errors : sum local = 2.52666e-05, global = 7.40426e-07, cumulative = -0.000939033
smoothSolver:  Solving for epsilon, Initial residual = 0.00202039, Final residual = 6.81767e-05, No Iterations 2
smoothSolver:  Solving for k, Initial residual = 0.00559028, Final residual = 0.000372935, No Iterations 2
ExecutionTime = 583.03 s  ClockTime = 587 s

Time = 145

smoothSolver:  Solving for Ux, Initial residual = 0.00284498, Final residual = 9.76722e-05, No Iterations 3
smoothSolver:  Solving for Uy, Initial residual = 0.00576943, Final residual = 0.000203121, No Iterations 3
smoothSolver:  Solving for Uz, Initial residual = 0.00738557, Final residual = 0.000270232, No Iterations 3
GAMG:  Solving for p, Initial residual = 0.0173141, Final residual = 0.00102456, No Iterations 2
time step continuity errors : sum local = 2.50981e-05, global = 8.26732e-07, cumulative = -0.000938206
smoothSolver:  Solving for epsilon, Initial residual = 0.0020125, Final residual = 6.76378e-05, No Iterations 2
smoothSolver:  Solving for k, Initial residual = 0.0055503, Final residual = 0.000371164, No Iterations 2
ExecutionTime = 587.18 s  ClockTime = 591 s

Time = 146

smoothSolver:  Solving for Ux, Initial residual = 0.00283112, Final residual = 9.72396e-05, No Iterations 3
smoothSolver:  Solving for Uy, Initial residual = 0.0057402, Final residual = 0.000202208, No Iterations 3
smoothSolver:  Solving for Uz, Initial residual = 0.00734424, Final residual = 0.000268837, No Iterations 3
GAMG:  Solving for p, Initial residual = 0.0174339, Final residual = 0.00103315, No Iterations 2
time step continuity errors : sum local = 2.50655e-05, global = 7.61589e-07, cumulative = -0.000937445
smoothSolver:  Solving for epsilon, Initial residual = 0.00199247, Final residual = 6.69956e-05, No Iterations 2
smoothSolver:  Solving for k, Initial residual = 0.00551291, Final residual = 0.000369312, No Iterations 2
ExecutionTime = 591.48 s  ClockTime = 595 s

Time = 147

smoothSolver:  Solving for Ux, Initial residual = 0.00281724, Final residual = 9.68026e-05, No Iterations 3
smoothSolver:  Solving for Uy, Initial residual = 0.00571086, Final residual = 0.000201268, No Iterations 3
smoothSolver:  Solving for Uz, Initial residual = 0.00730363, Final residual = 0.000267435, No Iterations 3
GAMG:  Solving for p, Initial residual = 0.0174259, Final residual = 0.00103431, No Iterations 2
time step continuity errors : sum local = 2.49803e-05, global = 7.70211e-07, cumulative = -0.000936675
smoothSolver:  Solving for epsilon, Initial residual = 0.00197907, Final residual = 6.64546e-05, No Iterations 2
smoothSolver:  Solving for k, Initial residual = 0.00547276, Final residual = 0.000367576, No Iterations 2
ExecutionTime = 595.76 s  ClockTime = 600 s

Time = 148

smoothSolver:  Solving for Ux, Initial residual = 0.00280313, Final residual = 9.63622e-05, No Iterations 3
smoothSolver:  Solving for Uy, Initial residual = 0.00568147, Final residual = 0.000200356, No Iterations 3
smoothSolver:  Solving for Uz, Initial residual = 0.00726184, Final residual = 0.000266036, No Iterations 3
GAMG:  Solving for p, Initial residual = 0.017378, Final residual = 0.00103216, No Iterations 2
time step continuity errors : sum local = 2.48652e-05, global = 7.92899e-07, cumulative = -0.000935882
smoothSolver:  Solving for epsilon, Initial residual = 0.00196175, Final residual = 6.58347e-05, No Iterations 2
smoothSolver:  Solving for k, Initial residual = 0.00543134, Final residual = 0.000365717, No Iterations 2
ExecutionTime = 600.1 s  ClockTime = 604 s

Time = 149

smoothSolver:  Solving for Ux, Initial residual = 0.00278908, Final residual = 9.59203e-05, No Iterations 3
smoothSolver:  Solving for Uy, Initial residual = 0.00565278, Final residual = 0.000199422, No Iterations 3
smoothSolver:  Solving for Uz, Initial residual = 0.00722059, Final residual = 0.000264615, No Iterations 3
GAMG:  Solving for p, Initial residual = 0.0173484, Final residual = 0.00103099, No Iterations 2
time step continuity errors : sum local = 2.47432e-05, global = 7.92837e-07, cumulative = -0.000935089
smoothSolver:  Solving for epsilon, Initial residual = 0.00195547, Final residual = 6.53523e-05, No Iterations 2
smoothSolver:  Solving for k, Initial residual = 0.00539389, Final residual = 0.000363917, No Iterations 2
ExecutionTime = 604.49 s  ClockTime = 610 s

Time = 150

smoothSolver:  Solving for Ux, Initial residual = 0.00277493, Final residual = 9.54759e-05, No Iterations 3
smoothSolver:  Solving for Uy, Initial residual = 0.00562417, Final residual = 0.000198507, No Iterations 3
smoothSolver:  Solving for Uz, Initial residual = 0.00717912, Final residual = 0.000263198, No Iterations 3
GAMG:  Solving for p, Initial residual = 0.0172848, Final residual = 0.00102301, No Iterations 2
time step continuity errors : sum local = 2.45816e-05, global = 8.79375e-07, cumulative = -0.000934209
smoothSolver:  Solving for epsilon, Initial residual = 0.00193446, Final residual = 6.47374e-05, No Iterations 2
smoothSolver:  Solving for k, Initial residual = 0.00536012, Final residual = 0.000362144, No Iterations 2
ExecutionTime = 610.4 s  ClockTime = 622 s

Time = 151

smoothSolver:  Solving for Ux, Initial residual = 0.00276082, Final residual = 9.50309e-05, No Iterations 3
smoothSolver:  Solving for Uy, Initial residual = 0.00559582, Final residual = 0.000197567, No Iterations 3
smoothSolver:  Solving for Uz, Initial residual = 0.00713868, Final residual = 0.000261762, No Iterations 3
GAMG:  Solving for p, Initial residual = 0.0172377, Final residual = 0.00101586, No Iterations 2
time step continuity errors : sum local = 2.4427e-05, global = 9.66191e-07, cumulative = -0.000933243
smoothSolver:  Solving for epsilon, Initial residual = 0.00192298, Final residual = 6.42277e-05, No Iterations 2
smoothSolver:  Solving for k, Initial residual = 0.00532139, Final residual = 0.000360349, No Iterations 2
ExecutionTime = 615.74 s  ClockTime = 633 s

Time = 152

smoothSolver:  Solving for Ux, Initial residual = 0.00274642, Final residual = 9.45805e-05, No Iterations 3
smoothSolver:  Solving for Uy, Initial residual = 0.00556754, Final residual = 0.000196659, No Iterations 3
smoothSolver:  Solving for Uz, Initial residual = 0.00709715, Final residual = 0.000260335, No Iterations 3
GAMG:  Solving for p, Initial residual = 0.0172248, Final residual = 0.00101666, No Iterations 2
time step continuity errors : sum local = 2.42966e-05, global = 9.26866e-07, cumulative = -0.000932316
smoothSolver:  Solving for epsilon, Initial residual = 0.0019058, Final residual = 6.36795e-05, No Iterations 2
smoothSolver:  Solving for k, Initial residual = 0.00528174, Final residual = 0.000358466, No Iterations 2
ExecutionTime = 621.74 s  ClockTime = 645 s

Time = 153

smoothSolver:  Solving for Ux, Initial residual = 0.00273217, Final residual = 9.41278e-05, No Iterations 3
smoothSolver:  Solving for Uy, Initial residual = 0.00554024, Final residual = 0.000195726, No Iterations 3
smoothSolver:  Solving for Uz, Initial residual = 0.0070564, Final residual = 0.000258911, No Iterations 3
GAMG:  Solving for p, Initial residual = 0.0172139, Final residual = 0.0010166, No Iterations 2
time step continuity errors : sum local = 2.4168e-05, global = 9.02666e-07, cumulative = -0.000931414
smoothSolver:  Solving for epsilon, Initial residual = 0.00190076, Final residual = 6.31927e-05, No Iterations 2
smoothSolver:  Solving for k, Initial residual = 0.00524569, Final residual = 0.000356789, No Iterations 2
ExecutionTime = 626.98 s  ClockTime = 655 s

Time = 154

smoothSolver:  Solving for Ux, Initial residual = 0.00271781, Final residual = 9.36704e-05, No Iterations 3
smoothSolver:  Solving for Uy, Initial residual = 0.00551287, Final residual = 0.000194818, No Iterations 3
smoothSolver:  Solving for Uz, Initial residual = 0.00701555, Final residual = 0.000257505, No Iterations 3
GAMG:  Solving for p, Initial residual = 0.0172053, Final residual = 0.0010156, No Iterations 2
time step continuity errors : sum local = 2.40411e-05, global = 8.86439e-07, cumulative = -0.000930527
smoothSolver:  Solving for epsilon, Initial residual = 0.00188008, Final residual = 6.26274e-05, No Iterations 2
smoothSolver:  Solving for k, Initial residual = 0.00521238, Final residual = 0.000354965, No Iterations 2
ExecutionTime = 633.8 s  ClockTime = 669 s

Time = 155

smoothSolver:  Solving for Ux, Initial residual = 0.00270338, Final residual = 9.32116e-05, No Iterations 3
smoothSolver:  Solving for Uy, Initial residual = 0.00548578, Final residual = 0.000193883, No Iterations 3
smoothSolver:  Solving for Uz, Initial residual = 0.00697573, Final residual = 0.000256107, No Iterations 3
GAMG:  Solving for p, Initial residual = 0.0171963, Final residual = 0.00101465, No Iterations 2
time step continuity errors : sum local = 2.39146e-05, global = 8.66187e-07, cumulative = -0.000929661
smoothSolver:  Solving for epsilon, Initial residual = 0.00186968, Final residual = 6.21424e-05, No Iterations 2
smoothSolver:  Solving for k, Initial residual = 0.00517461, Final residual = 0.000353093, No Iterations 2
ExecutionTime = 638.88 s  ClockTime = 679 s

Time = 156

smoothSolver:  Solving for Ux, Initial residual = 0.00268881, Final residual = 9.27498e-05, No Iterations 3
smoothSolver:  Solving for Uy, Initial residual = 0.00545839, Final residual = 0.00019298, No Iterations 3
smoothSolver:  Solving for Uz, Initial residual = 0.00693519, Final residual = 0.000254718, No Iterations 3
GAMG:  Solving for p, Initial residual = 0.0171805, Final residual = 0.00101284, No Iterations 2
time step continuity errors : sum local = 2.37963e-05, global = 8.37351e-07, cumulative = -0.000928824
smoothSolver:  Solving for epsilon, Initial residual = 0.00185417, Final residual = 6.16446e-05, No Iterations 2
smoothSolver:  Solving for k, Initial residual = 0.00513651, Final residual = 0.00035118, No Iterations 2
ExecutionTime = 643.88 s  ClockTime = 689 s

Time = 157

smoothSolver:  Solving for Ux, Initial residual = 0.0026744, Final residual = 9.229e-05, No Iterations 3
smoothSolver:  Solving for Uy, Initial residual = 0.00543184, Final residual = 0.000192058, No Iterations 3
smoothSolver:  Solving for Uz, Initial residual = 0.00689561, Final residual = 0.000253337, No Iterations 3
GAMG:  Solving for p, Initial residual = 0.0171804, Final residual = 0.0010092, No Iterations 2
time step continuity errors : sum local = 2.3653e-05, global = 8.42597e-07, cumulative = -0.000927981
smoothSolver:  Solving for epsilon, Initial residual = 0.0018498, Final residual = 6.11804e-05, No Iterations 2
smoothSolver:  Solving for k, Initial residual = 0.00510165, Final residual = 0.000349425, No Iterations 2
ExecutionTime = 649.73 s  ClockTime = 701 s

Time = 158

smoothSolver:  Solving for Ux, Initial residual = 0.00265997, Final residual = 9.1828e-05, No Iterations 3
smoothSolver:  Solving for Uy, Initial residual = 0.00540539, Final residual = 0.00019117, No Iterations 3
smoothSolver:  Solving for Uz, Initial residual = 0.00685604, Final residual = 0.000251979, No Iterations 3
GAMG:  Solving for p, Initial residual = 0.0171572, Final residual = 0.000998925, No Iterations 2
time step continuity errors : sum local = 2.34719e-05, global = 9.13297e-07, cumulative = -0.000927068
smoothSolver:  Solving for epsilon, Initial residual = 0.00182717, Final residual = 6.06224e-05, No Iterations 2
smoothSolver:  Solving for k, Initial residual = 0.00506832, Final residual = 0.000347537, No Iterations 2
ExecutionTime = 654.92 s  ClockTime = 712 s

Time = 159

smoothSolver:  Solving for Ux, Initial residual = 0.00264557, Final residual = 9.13658e-05, No Iterations 3
smoothSolver:  Solving for Uy, Initial residual = 0.00537943, Final residual = 0.00019026, No Iterations 3
smoothSolver:  Solving for Uz, Initial residual = 0.00681775, Final residual = 0.000250638, No Iterations 3
GAMG:  Solving for p, Initial residual = 0.0171657, Final residual = 0.000999824, No Iterations 2
time step continuity errors : sum local = 2.33395e-05, global = 8.73637e-07, cumulative = -0.000926194
smoothSolver:  Solving for epsilon, Initial residual = 0.00181701, Final residual = 6.01554e-05, No Iterations 2
smoothSolver:  Solving for k, Initial residual = 0.00503201, Final residual = 0.000345685, No Iterations 2
ExecutionTime = 660.75 s  ClockTime = 723 s

Time = 160

smoothSolver:  Solving for Ux, Initial residual = 0.00263103, Final residual = 9.09e-05, No Iterations 3
smoothSolver:  Solving for Uy, Initial residual = 0.00535309, Final residual = 0.000189382, No Iterations 3
smoothSolver:  Solving for Uz, Initial residual = 0.00677876, Final residual = 0.000249323, No Iterations 3
GAMG:  Solving for p, Initial residual = 0.0171697, Final residual = 0.00100002, No Iterations 2
time step continuity errors : sum local = 2.32091e-05, global = 8.40012e-07, cumulative = -0.000925354
smoothSolver:  Solving for epsilon, Initial residual = 0.00180131, Final residual = 5.96411e-05, No Iterations 2
smoothSolver:  Solving for k, Initial residual = 0.00499443, Final residual = 0.000343908, No Iterations 2
ExecutionTime = 667.41 s  ClockTime = 737 s

Time = 161

smoothSolver:  Solving for Ux, Initial residual = 0.00261665, Final residual = 9.04377e-05, No Iterations 3
smoothSolver:  Solving for Uy, Initial residual = 0.00532742, Final residual = 0.000188478, No Iterations 3
smoothSolver:  Solving for Uz, Initial residual = 0.00674075, Final residual = 0.000248023, No Iterations 3
GAMG:  Solving for p, Initial residual = 0.0171825, Final residual = 0.000999808, No Iterations 2
time step continuity errors : sum local = 2.30875e-05, global = 8.09379e-07, cumulative = -0.000924545
smoothSolver:  Solving for epsilon, Initial residual = 0.00179706, Final residual = 5.91908e-05, No Iterations 2
smoothSolver:  Solving for k, Initial residual = 0.0049599, Final residual = 0.000341953, No Iterations 2
ExecutionTime = 673.02 s  ClockTime = 748 s

Time = 162

smoothSolver:  Solving for Ux, Initial residual = 0.0026023, Final residual = 8.99752e-05, No Iterations 3
smoothSolver:  Solving for Uy, Initial residual = 0.00530148, Final residual = 0.000187604, No Iterations 3
smoothSolver:  Solving for Uz, Initial residual = 0.00670277, Final residual = 0.000246754, No Iterations 3
GAMG:  Solving for p, Initial residual = 0.0171935, Final residual = 0.000999962, No Iterations 2
time step continuity errors : sum local = 2.29893e-05, global = 7.81103e-07, cumulative = -0.000923764
smoothSolver:  Solving for epsilon, Initial residual = 0.0017755, Final residual = 5.86352e-05, No Iterations 2
smoothSolver:  Solving for k, Initial residual = 0.00492857, Final residual = 0.000340182, No Iterations 2
ExecutionTime = 678.23 s  ClockTime = 759 s

Time = 163

smoothSolver:  Solving for Ux, Initial residual = 0.0025881, Final residual = 8.95141e-05, No Iterations 3
smoothSolver:  Solving for Uy, Initial residual = 0.00527573, Final residual = 0.00018671, No Iterations 3
smoothSolver:  Solving for Uz, Initial residual = 0.0066659, Final residual = 0.000245509, No Iterations 3
GAMG:  Solving for p, Initial residual = 0.0172137, Final residual = 0.0010008, No Iterations 2
time step continuity errors : sum local = 2.29126e-05, global = 7.58014e-07, cumulative = -0.000923006
smoothSolver:  Solving for epsilon, Initial residual = 0.00176691, Final residual = 5.82055e-05, No Iterations 2
smoothSolver:  Solving for k, Initial residual = 0.0048935, Final residual = 0.000338286, No Iterations 2
ExecutionTime = 684.36 s  ClockTime = 771 s

Time = 164

smoothSolver:  Solving for Ux, Initial residual = 0.00257371, Final residual = 8.90509e-05, No Iterations 3
smoothSolver:  Solving for Uy, Initial residual = 0.00524985, Final residual = 0.000185851, No Iterations 3
smoothSolver:  Solving for Uz, Initial residual = 0.00662877, Final residual = 0.000244292, No Iterations 3
GAMG:  Solving for p, Initial residual = 0.0172247, Final residual = 0.00100136, No Iterations 2
time step continuity errors : sum local = 2.28333e-05, global = 7.43101e-07, cumulative = -0.000922263
smoothSolver:  Solving for epsilon, Initial residual = 0.00175003, Final residual = 5.76715e-05, No Iterations 2
smoothSolver:  Solving for k, Initial residual = 0.00485566, Final residual = 0.000336382, No Iterations 2
ExecutionTime = 689.53 s  ClockTime = 781 s

Time = 165

smoothSolver:  Solving for Ux, Initial residual = 0.00255958, Final residual = 8.85901e-05, No Iterations 3
smoothSolver:  Solving for Uy, Initial residual = 0.00522478, Final residual = 0.000184978, No Iterations 3
smoothSolver:  Solving for Uz, Initial residual = 0.00659288, Final residual = 0.00024309, No Iterations 3
GAMG:  Solving for p, Initial residual = 0.017253, Final residual = 0.00100188, No Iterations 2
time step continuity errors : sum local = 2.27448e-05, global = 7.2835e-07, cumulative = -0.000921534
smoothSolver:  Solving for epsilon, Initial residual = 0.0017465, Final residual = 5.7234e-05, No Iterations 2
smoothSolver:  Solving for k, Initial residual = 0.00482173, Final residual = 0.000334489, No Iterations 2
ExecutionTime = 695.54 s  ClockTime = 793 s

Time = 166

smoothSolver:  Solving for Ux, Initial residual = 0.00254541, Final residual = 8.81265e-05, No Iterations 3
smoothSolver:  Solving for Uy, Initial residual = 0.0051998, Final residual = 0.000184147, No Iterations 3
smoothSolver:  Solving for Uz, Initial residual = 0.00655753, Final residual = 0.000241907, No Iterations 3
GAMG:  Solving for p, Initial residual = 0.0172764, Final residual = 0.000999828, No Iterations 2
time step continuity errors : sum local = 2.26204e-05, global = 7.36769e-07, cumulative = -0.000920797
smoothSolver:  Solving for epsilon, Initial residual = 0.00172474, Final residual = 5.67015e-05, No Iterations 2
smoothSolver:  Solving for k, Initial residual = 0.00478998, Final residual = 0.00033263, No Iterations 2
ExecutionTime = 701.56 s  ClockTime = 806 s

Time = 167

smoothSolver:  Solving for Ux, Initial residual = 0.00253136, Final residual = 8.76637e-05, No Iterations 3
smoothSolver:  Solving for Uy, Initial residual = 0.00517527, Final residual = 0.000183295, No Iterations 3
smoothSolver:  Solving for Uz, Initial residual = 0.00652327, Final residual = 0.000240742, No Iterations 3
GAMG:  Solving for p, Initial residual = 0.0172947, Final residual = 0.000982717, No Iterations 2
time step continuity errors : sum local = 2.23991e-05, global = 1.0657e-06, cumulative = -0.000919732
smoothSolver:  Solving for epsilon, Initial residual = 0.0017157, Final residual = 5.62396e-05, No Iterations 2
smoothSolver:  Solving for k, Initial residual = 0.00475548, Final residual = 0.000330736, No Iterations 2
ExecutionTime = 707.51 s  ClockTime = 818 s

Time = 168

smoothSolver:  Solving for Ux, Initial residual = 0.0025171, Final residual = 8.71981e-05, No Iterations 3
smoothSolver:  Solving for Uy, Initial residual = 0.00515049, Final residual = 0.000182477, No Iterations 3
smoothSolver:  Solving for Uz, Initial residual = 0.00648853, Final residual = 0.00023959, No Iterations 3
GAMG:  Solving for p, Initial residual = 0.0173355, Final residual = 0.00099095, No Iterations 2
time step continuity errors : sum local = 2.23942e-05, global = 9.61862e-07, cumulative = -0.00091877
smoothSolver:  Solving for epsilon, Initial residual = 0.0016994, Final residual = 5.57805e-05, No Iterations 2
smoothSolver:  Solving for k, Initial residual = 0.00471917, Final residual = 0.000328876, No Iterations 2
ExecutionTime = 713.8 s  ClockTime = 830 s

Time = 169

smoothSolver:  Solving for Ux, Initial residual = 0.00250311, Final residual = 8.67313e-05, No Iterations 3
smoothSolver:  Solving for Uy, Initial residual = 0.00512663, Final residual = 0.000181648, No Iterations 3
smoothSolver:  Solving for Uz, Initial residual = 0.00645474, Final residual = 0.000238449, No Iterations 3
GAMG:  Solving for p, Initial residual = 0.0173679, Final residual = 0.00099614, No Iterations 2
time step continuity errors : sum local = 2.2392e-05, global = 9.37915e-07, cumulative = -0.000917832
smoothSolver:  Solving for epsilon, Initial residual = 0.00169729, Final residual = 5.53154e-05, No Iterations 2
smoothSolver:  Solving for k, Initial residual = 0.00468671, Final residual = 0.000327001, No Iterations 2
ExecutionTime = 718.71 s  ClockTime = 840 s

Time = 170

smoothSolver:  Solving for Ux, Initial residual = 0.00248915, Final residual = 8.62616e-05, No Iterations 3
smoothSolver:  Solving for Uy, Initial residual = 0.00510285, Final residual = 0.000180859, No Iterations 3
smoothSolver:  Solving for Uz, Initial residual = 0.00642094, Final residual = 0.000237322, No Iterations 3
GAMG:  Solving for p, Initial residual = 0.0174206, Final residual = 0.00100128, No Iterations 2
time step continuity errors : sum local = 2.23795e-05, global = 9.03792e-07, cumulative = -0.000916928
smoothSolver:  Solving for epsilon, Initial residual = 0.00167516, Final residual = 5.48226e-05, No Iterations 2
smoothSolver:  Solving for k, Initial residual = 0.0046565, Final residual = 0.00032521, No Iterations 2
ExecutionTime = 723.69 s  ClockTime = 850 s

Time = 171

smoothSolver:  Solving for Ux, Initial residual = 0.00247523, Final residual = 8.57909e-05, No Iterations 3
smoothSolver:  Solving for Uy, Initial residual = 0.00507936, Final residual = 0.000180047, No Iterations 3
smoothSolver:  Solving for Uz, Initial residual = 0.00638777, Final residual = 0.000236195, No Iterations 3
GAMG:  Solving for p, Initial residual = 0.017454, Final residual = 0.00100364, No Iterations 2
time step continuity errors : sum local = 2.23339e-05, global = 8.81698e-07, cumulative = -0.000916047
smoothSolver:  Solving for epsilon, Initial residual = 0.00166778, Final residual = 5.4372e-05, No Iterations 2
smoothSolver:  Solving for k, Initial residual = 0.00462212, Final residual = 0.000323323, No Iterations 2
ExecutionTime = 729.28 s  ClockTime = 861 s

Time = 172

smoothSolver:  Solving for Ux, Initial residual = 0.00246125, Final residual = 8.53163e-05, No Iterations 3
smoothSolver:  Solving for Uy, Initial residual = 0.00505573, Final residual = 0.000179281, No Iterations 3
smoothSolver:  Solving for Uz, Initial residual = 0.00635369, Final residual = 0.000235058, No Iterations 3
GAMG:  Solving for p, Initial residual = 0.017477, Final residual = 0.00100533, No Iterations 2
time step continuity errors : sum local = 2.22647e-05, global = 8.34108e-07, cumulative = -0.000915212
smoothSolver:  Solving for epsilon, Initial residual = 0.00165287, Final residual = 5.39322e-05, No Iterations 2
smoothSolver:  Solving for k, Initial residual = 0.00458691, Final residual = 0.000321475, No Iterations 2
ExecutionTime = 735.28 s  ClockTime = 873 s

Time = 173

smoothSolver:  Solving for Ux, Initial residual = 0.00244742, Final residual = 8.48405e-05, No Iterations 3
smoothSolver:  Solving for Uy, Initial residual = 0.00503266, Final residual = 0.000178498, No Iterations 3
smoothSolver:  Solving for Uz, Initial residual = 0.00632057, Final residual = 0.000233913, No Iterations 3
GAMG:  Solving for p, Initial residual = 0.0174869, Final residual = 0.00100686, No Iterations 2
time step continuity errors : sum local = 2.21906e-05, global = 7.82388e-07, cumulative = -0.00091443
smoothSolver:  Solving for epsilon, Initial residual = 0.00165152, Final residual = 5.34913e-05, No Iterations 2
smoothSolver:  Solving for k, Initial residual = 0.00455614, Final residual = 0.000319647, No Iterations 2
ExecutionTime = 741.27 s  ClockTime = 886 s

Time = 174

smoothSolver:  Solving for Ux, Initial residual = 0.00243354, Final residual = 8.43618e-05, No Iterations 3
smoothSolver:  Solving for Uy, Initial residual = 0.00501005, Final residual = 0.000177759, No Iterations 3
smoothSolver:  Solving for Uz, Initial residual = 0.00628685, Final residual = 0.000232758, No Iterations 3
GAMG:  Solving for p, Initial residual = 0.0175148, Final residual = 0.00100087, No Iterations 2
time step continuity errors : sum local = 2.2036e-05, global = 8.56709e-07, cumulative = -0.000913573
smoothSolver:  Solving for epsilon, Initial residual = 0.00163041, Final residual = 5.30248e-05, No Iterations 2
smoothSolver:  Solving for k, Initial residual = 0.00452836, Final residual = 0.000317997, No Iterations 2
ExecutionTime = 747.24 s  ClockTime = 897 s

Time = 175

smoothSolver:  Solving for Ux, Initial residual = 0.00241977, Final residual = 8.38845e-05, No Iterations 3
smoothSolver:  Solving for Uy, Initial residual = 0.00498778, Final residual = 0.000176993, No Iterations 3
smoothSolver:  Solving for Uz, Initial residual = 0.00625371, Final residual = 0.000231602, No Iterations 3
GAMG:  Solving for p, Initial residual = 0.0175189, Final residual = 0.00100285, No Iterations 2
time step continuity errors : sum local = 2.19722e-05, global = 8.30801e-07, cumulative = -0.000912743
smoothSolver:  Solving for epsilon, Initial residual = 0.00162442, Final residual = 5.25811e-05, No Iterations 2
smoothSolver:  Solving for k, Initial residual = 0.00449563, Final residual = 0.000316088, No Iterations 2
ExecutionTime = 753.26 s  ClockTime = 910 s

Time = 176

smoothSolver:  Solving for Ux, Initial residual = 0.00240576, Final residual = 8.34057e-05, No Iterations 3
smoothSolver:  Solving for Uy, Initial residual = 0.00496568, Final residual = 0.000176259, No Iterations 3
smoothSolver:  Solving for Uz, Initial residual = 0.0062199, Final residual = 0.000230439, No Iterations 3
GAMG:  Solving for p, Initial residual = 0.0174475, Final residual = 0.000995443, No Iterations 2
time step continuity errors : sum local = 2.18377e-05, global = 9.19307e-07, cumulative = -0.000911823
smoothSolver:  Solving for epsilon, Initial residual = 0.00160969, Final residual = 5.21794e-05, No Iterations 2
smoothSolver:  Solving for k, Initial residual = 0.00446223, Final residual = 0.000314378, No Iterations 2
ExecutionTime = 759.12 s  ClockTime = 921 s

Time = 177

smoothSolver:  Solving for Ux, Initial residual = 0.00239196, Final residual = 8.29267e-05, No Iterations 3
smoothSolver:  Solving for Uy, Initial residual = 0.00494415, Final residual = 0.000175497, No Iterations 3
smoothSolver:  Solving for Uz, Initial residual = 0.00618676, Final residual = 0.000229281, No Iterations 3
GAMG:  Solving for p, Initial residual = 0.0174711, Final residual = 0.00100192, No Iterations 2
time step continuity errors : sum local = 2.18337e-05, global = 8.41187e-07, cumulative = -0.000910982
smoothSolver:  Solving for epsilon, Initial residual = 0.00160906, Final residual = 5.17272e-05, No Iterations 2
smoothSolver:  Solving for k, Initial residual = 0.00443189, Final residual = 0.00031259, No Iterations 2
ExecutionTime = 765.07 s  ClockTime = 933 s

Time = 178

smoothSolver:  Solving for Ux, Initial residual = 0.00237814, Final residual = 8.24426e-05, No Iterations 3
smoothSolver:  Solving for Uy, Initial residual = 0.0049226, Final residual = 0.000174767, No Iterations 3
smoothSolver:  Solving for Uz, Initial residual = 0.0061533, Final residual = 0.000228124, No Iterations 3
GAMG:  Solving for p, Initial residual = 0.017534, Final residual = 0.00100765, No Iterations 2
time step continuity errors : sum local = 2.18096e-05, global = 7.66859e-07, cumulative = -0.000910215
smoothSolver:  Solving for epsilon, Initial residual = 0.0015881, Final residual = 5.13033e-05, No Iterations 2
smoothSolver:  Solving for k, Initial residual = 0.00440422, Final residual = 0.000310887, No Iterations 2
ExecutionTime = 770.19 s  ClockTime = 944 s

Time = 179

smoothSolver:  Solving for Ux, Initial residual = 0.00236438, Final residual = 8.19559e-05, No Iterations 3
smoothSolver:  Solving for Uy, Initial residual = 0.00490123, Final residual = 0.000174009, No Iterations 3
smoothSolver:  Solving for Uz, Initial residual = 0.00612061, Final residual = 0.000226974, No Iterations 3
GAMG:  Solving for p, Initial residual = 0.0175691, Final residual = 0.00100918, No Iterations 2
time step continuity errors : sum local = 2.17033e-05, global = 7.38536e-07, cumulative = -0.000909477
smoothSolver:  Solving for epsilon, Initial residual = 0.00158355, Final residual = 5.08461e-05, No Iterations 2
smoothSolver:  Solving for k, Initial residual = 0.0043736, Final residual = 0.00030908, No Iterations 2
ExecutionTime = 776.75 s  ClockTime = 957 s

Time = 180

smoothSolver:  Solving for Ux, Initial residual = 0.00235045, Final residual = 8.14691e-05, No Iterations 3
smoothSolver:  Solving for Uy, Initial residual = 0.00487966, Final residual = 0.000173289, No Iterations 3
smoothSolver:  Solving for Uz, Initial residual = 0.00608723, Final residual = 0.000225812, No Iterations 3
GAMG:  Solving for p, Initial residual = 0.0176216, Final residual = 0.00101038, No Iterations 2
time step continuity errors : sum local = 2.1594e-05, global = 7.10538e-07, cumulative = -0.000908766
smoothSolver:  Solving for epsilon, Initial residual = 0.00156821, Final residual = 5.04923e-05, No Iterations 2
smoothSolver:  Solving for k, Initial residual = 0.00434153, Final residual = 0.000307361, No Iterations 2
ExecutionTime = 782.85 s  ClockTime = 969 s

Time = 181

smoothSolver:  Solving for Ux, Initial residual = 0.00233668, Final residual = 8.09835e-05, No Iterations 3
smoothSolver:  Solving for Uy, Initial residual = 0.00485872, Final residual = 0.000172541, No Iterations 3
smoothSolver:  Solving for Uz, Initial residual = 0.00605442, Final residual = 0.000224647, No Iterations 3
GAMG:  Solving for p, Initial residual = 0.0177134, Final residual = 0.00101556, No Iterations 2
time step continuity errors : sum local = 2.15699e-05, global = 7.02789e-07, cumulative = -0.000908063
smoothSolver:  Solving for epsilon, Initial residual = 0.00156946, Final residual = 5.00263e-05, No Iterations 2
smoothSolver:  Solving for k, Initial residual = 0.00431334, Final residual = 0.000305646, No Iterations 2
ExecutionTime = 787.97 s  ClockTime = 979 s

Time = 182

smoothSolver:  Solving for Ux, Initial residual = 0.00232291, Final residual = 8.04999e-05, No Iterations 3
smoothSolver:  Solving for Uy, Initial residual = 0.00483808, Final residual = 0.000171825, No Iterations 3
smoothSolver:  Solving for Uz, Initial residual = 0.00602158, Final residual = 0.00022347, No Iterations 3
GAMG:  Solving for p, Initial residual = 0.0178087, Final residual = 0.00102272, No Iterations 2
time step continuity errors : sum local = 2.1587e-05, global = 7.03949e-07, cumulative = -0.000907359
smoothSolver:  Solving for epsilon, Initial residual = 0.00154943, Final residual = 4.9654e-05, No Iterations 2
smoothSolver:  Solving for k, Initial residual = 0.00428753, Final residual = 0.000303974, No Iterations 2
ExecutionTime = 792.79 s  ClockTime = 989 s

Time = 183

smoothSolver:  Solving for Ux, Initial residual = 0.00230924, Final residual = 8.00147e-05, No Iterations 3
smoothSolver:  Solving for Uy, Initial residual = 0.00481784, Final residual = 0.00017108, No Iterations 3
smoothSolver:  Solving for Uz, Initial residual = 0.00598955, Final residual = 0.000222299, No Iterations 3
GAMG:  Solving for p, Initial residual = 0.0178653, Final residual = 0.00102704, No Iterations 2
time step continuity errors : sum local = 2.1545e-05, global = 6.92442e-07, cumulative = -0.000906667
smoothSolver:  Solving for epsilon, Initial residual = 0.00154568, Final residual = 4.9178e-05, No Iterations 2
smoothSolver:  Solving for k, Initial residual = 0.00425755, Final residual = 0.000302203, No Iterations 2
ExecutionTime = 799.5 s  ClockTime = 1003 s

Time = 184

smoothSolver:  Solving for Ux, Initial residual = 0.00229544, Final residual = 7.95285e-05, No Iterations 3
smoothSolver:  Solving for Uy, Initial residual = 0.00479725, Final residual = 0.000170366, No Iterations 3
smoothSolver:  Solving for Uz, Initial residual = 0.00595658, Final residual = 0.000221123, No Iterations 3
GAMG:  Solving for p, Initial residual = 0.0179144, Final residual = 0.00102883, No Iterations 2
time step continuity errors : sum local = 2.14468e-05, global = 6.80176e-07, cumulative = -0.000905987
smoothSolver:  Solving for epsilon, Initial residual = 0.00153065, Final residual = 4.88586e-05, No Iterations 2
smoothSolver:  Solving for k, Initial residual = 0.00422629, Final residual = 0.000300527, No Iterations 2
ExecutionTime = 805.81 s  ClockTime = 1015 s

Time = 185

smoothSolver:  Solving for Ux, Initial residual = 0.00228182, Final residual = 7.90423e-05, No Iterations 3
smoothSolver:  Solving for Uy, Initial residual = 0.00477733, Final residual = 0.000169623, No Iterations 3
smoothSolver:  Solving for Uz, Initial residual = 0.00592432, Final residual = 0.000219942, No Iterations 3
GAMG:  Solving for p, Initial residual = 0.0179687, Final residual = 0.00102826, No Iterations 2
time step continuity errors : sum local = 2.13019e-05, global = 6.65568e-07, cumulative = -0.000905321
smoothSolver:  Solving for epsilon, Initial residual = 0.00153234, Final residual = 4.84196e-05, No Iterations 2
smoothSolver:  Solving for k, Initial residual = 0.00419945, Final residual = 0.000298801, No Iterations 2
ExecutionTime = 811.76 s  ClockTime = 1027 s

Time = 186

smoothSolver:  Solving for Ux, Initial residual = 0.00226812, Final residual = 7.85587e-05, No Iterations 3
smoothSolver:  Solving for Uy, Initial residual = 0.00475697, Final residual = 0.0001689, No Iterations 3
smoothSolver:  Solving for Uz, Initial residual = 0.00589163, Final residual = 0.00021875, No Iterations 3
GAMG:  Solving for p, Initial residual = 0.0180229, Final residual = 0.00102737, No Iterations 2
time step continuity errors : sum local = 2.11514e-05, global = 6.5459e-07, cumulative = -0.000904667
smoothSolver:  Solving for epsilon, Initial residual = 0.0015131, Final residual = 4.80666e-05, No Iterations 2
smoothSolver:  Solving for k, Initial residual = 0.00417546, Final residual = 0.000297168, No Iterations 2
ExecutionTime = 817.77 s  ClockTime = 1039 s

Time = 187

smoothSolver:  Solving for Ux, Initial residual = 0.00225444, Final residual = 7.80758e-05, No Iterations 3
smoothSolver:  Solving for Uy, Initial residual = 0.00473643, Final residual = 0.00016814, No Iterations 3
smoothSolver:  Solving for Uz, Initial residual = 0.00585947, Final residual = 0.000217559, No Iterations 3
GAMG:  Solving for p, Initial residual = 0.0180791, Final residual = 0.00102581, No Iterations 2
time step continuity errors : sum local = 2.09919e-05, global = 6.38761e-07, cumulative = -0.000904028
smoothSolver:  Solving for epsilon, Initial residual = 0.0015113, Final residual = 4.7613e-05, No Iterations 2
smoothSolver:  Solving for k, Initial residual = 0.00414655, Final residual = 0.000295427, No Iterations 2
ExecutionTime = 823.9 s  ClockTime = 1052 s

Time = 188

smoothSolver:  Solving for Ux, Initial residual = 0.00224064, Final residual = 7.7595e-05, No Iterations 3
smoothSolver:  Solving for Uy, Initial residual = 0.0047155, Final residual = 0.000167407, No Iterations 3
smoothSolver:  Solving for Uz, Initial residual = 0.00582661, Final residual = 0.000216357, No Iterations 3
GAMG:  Solving for p, Initial residual = 0.018107, Final residual = 0.00102436, No Iterations 2
time step continuity errors : sum local = 2.08329e-05, global = 6.20459e-07, cumulative = -0.000903407
smoothSolver:  Solving for epsilon, Initial residual = 0.00149654, Final residual = 4.73183e-05, No Iterations 2
smoothSolver:  Solving for k, Initial residual = 0.00411636, Final residual = 0.000293769, No Iterations 2
ExecutionTime = 830.58 s  ClockTime = 1065 s

Time = 189

smoothSolver:  Solving for Ux, Initial residual = 0.00222703, Final residual = 7.71126e-05, No Iterations 3
smoothSolver:  Solving for Uy, Initial residual = 0.00469514, Final residual = 0.000166645, No Iterations 3
smoothSolver:  Solving for Uz, Initial residual = 0.0057945, Final residual = 0.000215157, No Iterations 3
GAMG:  Solving for p, Initial residual = 0.0181441, Final residual = 0.00102199, No Iterations 2
time step continuity errors : sum local = 2.06564e-05, global = 6.04932e-07, cumulative = -0.000902802
smoothSolver:  Solving for epsilon, Initial residual = 0.00149827, Final residual = 4.68854e-05, No Iterations 2
smoothSolver:  Solving for k, Initial residual = 0.00408977, Final residual = 0.000292076, No Iterations 2
ExecutionTime = 836.19 s  ClockTime = 1076 s

Time = 190

smoothSolver:  Solving for Ux, Initial residual = 0.00221333, Final residual = 7.66307e-05, No Iterations 3
smoothSolver:  Solving for Uy, Initial residual = 0.0046743, Final residual = 0.000165901, No Iterations 3
smoothSolver:  Solving for Uz, Initial residual = 0.00576191, Final residual = 0.000213952, No Iterations 3
GAMG:  Solving for p, Initial residual = 0.0181867, Final residual = 0.00102117, No Iterations 2
time step continuity errors : sum local = 2.05095e-05, global = 5.97965e-07, cumulative = -0.000902204
smoothSolver:  Solving for epsilon, Initial residual = 0.00147824, Final residual = 4.65471e-05, No Iterations 2
smoothSolver:  Solving for k, Initial residual = 0.00406595, Final residual = 0.000290413, No Iterations 2
ExecutionTime = 841.09 s  ClockTime = 1086 s

Time = 191

smoothSolver:  Solving for Ux, Initial residual = 0.00219966, Final residual = 7.61482e-05, No Iterations 3
smoothSolver:  Solving for Uy, Initial residual = 0.00465344, Final residual = 0.000165115, No Iterations 3
smoothSolver:  Solving for Uz, Initial residual = 0.00573006, Final residual = 0.000212762, No Iterations 3
GAMG:  Solving for p, Initial residual = 0.0182412, Final residual = 0.00102093, No Iterations 2
time step continuity errors : sum local = 2.03744e-05, global = 5.97035e-07, cumulative = -0.000901607
smoothSolver:  Solving for epsilon, Initial residual = 0.00147715, Final residual = 4.61105e-05, No Iterations 2
smoothSolver:  Solving for k, Initial residual = 0.00403829, Final residual = 0.000288743, No Iterations 2
ExecutionTime = 847.85 s  ClockTime = 1100 s

Time = 192

smoothSolver:  Solving for Ux, Initial residual = 0.00218585, Final residual = 7.56682e-05, No Iterations 3
smoothSolver:  Solving for Uy, Initial residual = 0.00463188, Final residual = 0.000164348, No Iterations 3
smoothSolver:  Solving for Uz, Initial residual = 0.00569742, Final residual = 0.000211569, No Iterations 3
GAMG:  Solving for p, Initial residual = 0.0182745, Final residual = 0.00102243, No Iterations 2
time step continuity errors : sum local = 2.02737e-05, global = 5.97129e-07, cumulative = -0.00090101
smoothSolver:  Solving for epsilon, Initial residual = 0.00146321, Final residual = 4.58366e-05, No Iterations 2
smoothSolver:  Solving for k, Initial residual = 0.00400982, Final residual = 0.00028708, No Iterations 2
ExecutionTime = 854.32 s  ClockTime = 1113 s

Time = 193

smoothSolver:  Solving for Ux, Initial residual = 0.00217215, Final residual = 7.51888e-05, No Iterations 3
smoothSolver:  Solving for Uy, Initial residual = 0.00461026, Final residual = 0.00016355, No Iterations 3
smoothSolver:  Solving for Uz, Initial residual = 0.00566489, Final residual = 0.000210375, No Iterations 3
GAMG:  Solving for p, Initial residual = 0.0183347, Final residual = 0.00102549, No Iterations 2
time step continuity errors : sum local = 2.02065e-05, global = 5.93878e-07, cumulative = -0.000900416
smoothSolver:  Solving for epsilon, Initial residual = 0.00146621, Final residual = 4.54046e-05, No Iterations 2
smoothSolver:  Solving for k, Initial residual = 0.00398378, Final residual = 0.000285368, No Iterations 2
ExecutionTime = 860.36 s  ClockTime = 1125 s

Time = 194

smoothSolver:  Solving for Ux, Initial residual = 0.00215848, Final residual = 7.47113e-05, No Iterations 3
smoothSolver:  Solving for Uy, Initial residual = 0.00458876, Final residual = 0.000162779, No Iterations 3
smoothSolver:  Solving for Uz, Initial residual = 0.00563195, Final residual = 0.000209175, No Iterations 3
GAMG:  Solving for p, Initial residual = 0.0183999, Final residual = 0.00102911, No Iterations 2
time step continuity errors : sum local = 2.0148e-05, global = 5.9158e-07, cumulative = -0.000899825
smoothSolver:  Solving for epsilon, Initial residual = 0.00144601, Final residual = 4.51066e-05, No Iterations 2
smoothSolver:  Solving for k, Initial residual = 0.00396091, Final residual = 0.000283828, No Iterations 2
ExecutionTime = 866.44 s  ClockTime = 1137 s

Time = 195

smoothSolver:  Solving for Ux, Initial residual = 0.0021448, Final residual = 7.42322e-05, No Iterations 3
smoothSolver:  Solving for Uy, Initial residual = 0.00456691, Final residual = 0.000161977, No Iterations 3
smoothSolver:  Solving for Uz, Initial residual = 0.00559959, Final residual = 0.000207974, No Iterations 3
GAMG:  Solving for p, Initial residual = 0.0184505, Final residual = 0.00103215, No Iterations 2
time step continuity errors : sum local = 2.00797e-05, global = 5.88169e-07, cumulative = -0.000899237
smoothSolver:  Solving for epsilon, Initial residual = 0.00144534, Final residual = 4.466e-05, No Iterations 2
smoothSolver:  Solving for k, Initial residual = 0.00393369, Final residual = 0.000282101, No Iterations 2
ExecutionTime = 872.52 s  ClockTime = 1150 s

Time = 196

smoothSolver:  Solving for Ux, Initial residual = 0.00213099, Final residual = 7.37547e-05, No Iterations 3
smoothSolver:  Solving for Uy, Initial residual = 0.00454456, Final residual = 0.000161195, No Iterations 3
smoothSolver:  Solving for Uz, Initial residual = 0.00556606, Final residual = 0.000206764, No Iterations 3
GAMG:  Solving for p, Initial residual = 0.0184982, Final residual = 0.00103475, No Iterations 2
time step continuity errors : sum local = 2.00014e-05, global = 5.92428e-07, cumulative = -0.000898644
smoothSolver:  Solving for epsilon, Initial residual = 0.00143136, Final residual = 4.44157e-05, No Iterations 2
smoothSolver:  Solving for k, Initial residual = 0.00390382, Final residual = 0.000280428, No Iterations 2
ExecutionTime = 877.48 s  ClockTime = 1160 s

Time = 197

smoothSolver:  Solving for Ux, Initial residual = 0.00211727, Final residual = 7.32787e-05, No Iterations 3
smoothSolver:  Solving for Uy, Initial residual = 0.00452228, Final residual = 0.000160384, No Iterations 3
smoothSolver:  Solving for Uz, Initial residual = 0.0055328, Final residual = 0.000205552, No Iterations 3
GAMG:  Solving for p, Initial residual = 0.0185645, Final residual = 0.00103569, No Iterations 2
time step continuity errors : sum local = 1.98936e-05, global = 5.90891e-07, cumulative = -0.000898053
smoothSolver:  Solving for epsilon, Initial residual = 0.00143442, Final residual = 4.39809e-05, No Iterations 2
smoothSolver:  Solving for k, Initial residual = 0.00387878, Final residual = 0.000278822, No Iterations 2
ExecutionTime = 882.7 s  ClockTime = 1170 s

Time = 198

smoothSolver:  Solving for Ux, Initial residual = 0.00210348, Final residual = 7.28039e-05, No Iterations 3
smoothSolver:  Solving for Uy, Initial residual = 0.00449958, Final residual = 0.000159595, No Iterations 3
smoothSolver:  Solving for Uz, Initial residual = 0.00549911, Final residual = 0.000204331, No Iterations 3
GAMG:  Solving for p, Initial residual = 0.0185889, Final residual = 0.00103521, No Iterations 2
time step continuity errors : sum local = 1.97567e-05, global = 5.8516e-07, cumulative = -0.000897468
smoothSolver:  Solving for epsilon, Initial residual = 0.00141533, Final residual = 4.36945e-05, No Iterations 2
smoothSolver:  Solving for k, Initial residual = 0.00385704, Final residual = 0.000277255, No Iterations 2
ExecutionTime = 889.28 s  ClockTime = 1183 s

Time = 199

smoothSolver:  Solving for Ux, Initial residual = 0.00208978, Final residual = 7.23272e-05, No Iterations 3
smoothSolver:  Solving for Uy, Initial residual = 0.00447669, Final residual = 0.000158783, No Iterations 3
smoothSolver:  Solving for Uz, Initial residual = 0.00546576, Final residual = 0.000203109, No Iterations 3
GAMG:  Solving for p, Initial residual = 0.0185995, Final residual = 0.00103213, No Iterations 2
time step continuity errors : sum local = 1.95731e-05, global = 5.74763e-07, cumulative = -0.000896893
smoothSolver:  Solving for epsilon, Initial residual = 0.00141485, Final residual = 4.32205e-05, No Iterations 2
smoothSolver:  Solving for k, Initial residual = 0.00383038, Final residual = 0.000275556, No Iterations 2
ExecutionTime = 895.22 s  ClockTime = 1195 s

Time = 200

smoothSolver:  Solving for Ux, Initial residual = 0.00207588, Final residual = 7.18532e-05, No Iterations 3
smoothSolver:  Solving for Uy, Initial residual = 0.0044535, Final residual = 0.000157999, No Iterations 3
smoothSolver:  Solving for Uz, Initial residual = 0.00543133, Final residual = 0.000201872, No Iterations 3
GAMG:  Solving for p, Initial residual = 0.0185973, Final residual = 0.00102847, No Iterations 2
time step continuity errors : sum local = 1.93779e-05, global = 5.71466e-07, cumulative = -0.000896322
smoothSolver:  Solving for epsilon, Initial residual = 0.00140032, Final residual = 4.29844e-05, No Iterations 2
smoothSolver:  Solving for k, Initial residual = 0.00380225, Final residual = 0.000274048, No Iterations 2
ExecutionTime = 900.39 s  ClockTime = 1206 s

Time = 201

smoothSolver:  Solving for Ux, Initial residual = 0.00206213, Final residual = 7.13796e-05, No Iterations 3
smoothSolver:  Solving for Uy, Initial residual = 0.00443061, Final residual = 0.000157198, No Iterations 3
smoothSolver:  Solving for Uz, Initial residual = 0.0053974, Final residual = 0.000200623, No Iterations 3
GAMG:  Solving for p, Initial residual = 0.0186055, Final residual = 0.00102533, No Iterations 2
time step continuity errors : sum local = 1.91958e-05, global = 5.69561e-07, cumulative = -0.000895752
smoothSolver:  Solving for epsilon, Initial residual = 0.00140303, Final residual = 4.25617e-05, No Iterations 2
smoothSolver:  Solving for k, Initial residual = 0.00377785, Final residual = 0.000272454, No Iterations 2
ExecutionTime = 907.13 s  ClockTime = 1219 s

Time = 202

smoothSolver:  Solving for Ux, Initial residual = 0.00204828, Final residual = 7.09091e-05, No Iterations 3
smoothSolver:  Solving for Uy, Initial residual = 0.00440769, Final residual = 0.000156417, No Iterations 3
smoothSolver:  Solving for Uz, Initial residual = 0.00536274, Final residual = 0.000199361, No Iterations 3
GAMG:  Solving for p, Initial residual = 0.0186373, Final residual = 0.00102403, No Iterations 2
time step continuity errors : sum local = 1.90479e-05, global = 5.7677e-07, cumulative = -0.000895176
smoothSolver:  Solving for epsilon, Initial residual = 0.0013848, Final residual = 4.22864e-05, No Iterations 2
smoothSolver:  Solving for k, Initial residual = 0.00375507, Final residual = 0.00027085, No Iterations 2
ExecutionTime = 913.05 s  ClockTime = 1231 s

Time = 203

smoothSolver:  Solving for Ux, Initial residual = 0.00203451, Final residual = 7.04383e-05, No Iterations 3
smoothSolver:  Solving for Uy, Initial residual = 0.00438449, Final residual = 0.000155613, No Iterations 3
smoothSolver:  Solving for Uz, Initial residual = 0.00532898, Final residual = 0.000198098, No Iterations 3
GAMG:  Solving for p, Initial residual = 0.0186816, Final residual = 0.0010253, No Iterations 2
time step continuity errors : sum local = 1.89499e-05, global = 5.86026e-07, cumulative = -0.00089459
smoothSolver:  Solving for epsilon, Initial residual = 0.00138485, Final residual = 4.1842e-05, No Iterations 2
smoothSolver:  Solving for k, Initial residual = 0.00372906, Final residual = 0.0002692, No Iterations 2
ExecutionTime = 919.18 s  ClockTime = 1243 s

Time = 204

smoothSolver:  Solving for Ux, Initial residual = 0.00202056, Final residual = 6.99696e-05, No Iterations 3
smoothSolver:  Solving for Uy, Initial residual = 0.004361, Final residual = 0.000154833, No Iterations 3
smoothSolver:  Solving for Uz, Initial residual = 0.0052942, Final residual = 0.000196832, No Iterations 3
GAMG:  Solving for p, Initial residual = 0.0187163, Final residual = 0.00102772, No Iterations 2
time step continuity errors : sum local = 1.88711e-05, global = 6.02959e-07, cumulative = -0.000893987
smoothSolver:  Solving for epsilon, Initial residual = 0.00137083, Final residual = 4.1604e-05, No Iterations 2
smoothSolver:  Solving for k, Initial residual = 0.0037012, Final residual = 0.000267703, No Iterations 2
ExecutionTime = 925.76 s  ClockTime = 1257 s

Time = 205

smoothSolver:  Solving for Ux, Initial residual = 0.00200675, Final residual = 6.95007e-05, No Iterations 3
smoothSolver:  Solving for Uy, Initial residual = 0.00433773, Final residual = 0.00015404, No Iterations 3
smoothSolver:  Solving for Uz, Initial residual = 0.00525981, Final residual = 0.000195563, No Iterations 3
GAMG:  Solving for p, Initial residual = 0.0187344, Final residual = 0.00102917, No Iterations 2
time step continuity errors : sum local = 1.87771e-05, global = 6.20276e-07, cumulative = -0.000893366
smoothSolver:  Solving for epsilon, Initial residual = 0.00137347, Final residual = 4.11677e-05, No Iterations 2
smoothSolver:  Solving for k, Initial residual = 0.00367687, Final residual = 0.000266113, No Iterations 2
ExecutionTime = 930.77 s  ClockTime = 1267 s

Time = 206

smoothSolver:  Solving for Ux, Initial residual = 0.00199297, Final residual = 6.90346e-05, No Iterations 3
smoothSolver:  Solving for Uy, Initial residual = 0.00431484, Final residual = 0.000153274, No Iterations 3
smoothSolver:  Solving for Uz, Initial residual = 0.00522512, Final residual = 0.000194288, No Iterations 3
GAMG:  Solving for p, Initial residual = 0.0187568, Final residual = 0.00103017, No Iterations 2
time step continuity errors : sum local = 1.86745e-05, global = 6.3791e-07, cumulative = -0.000892728
smoothSolver:  Solving for epsilon, Initial residual = 0.00135479, Final residual = 4.09003e-05, No Iterations 2
smoothSolver:  Solving for k, Initial residual = 0.00365566, Final residual = 0.00026462, No Iterations 2
ExecutionTime = 936.9 s  ClockTime = 1279 s

Time = 207

smoothSolver:  Solving for Ux, Initial residual = 0.00197921, Final residual = 6.85649e-05, No Iterations 3
smoothSolver:  Solving for Uy, Initial residual = 0.00429186, Final residual = 0.00015249, No Iterations 3
smoothSolver:  Solving for Uz, Initial residual = 0.00519111, Final residual = 0.000193016, No Iterations 3
GAMG:  Solving for p, Initial residual = 0.0187891, Final residual = 0.00103048, No Iterations 2
time step continuity errors : sum local = 1.85628e-05, global = 6.56953e-07, cumulative = -0.000892072
smoothSolver:  Solving for epsilon, Initial residual = 0.00135407, Final residual = 4.04676e-05, No Iterations 2
smoothSolver:  Solving for k, Initial residual = 0.00362951, Final residual = 0.000263026, No Iterations 2
ExecutionTime = 941.83 s  ClockTime = 1289 s

Time = 208

smoothSolver:  Solving for Ux, Initial residual = 0.00196528, Final residual = 6.80979e-05, No Iterations 3
smoothSolver:  Solving for Uy, Initial residual = 0.00426883, Final residual = 0.000151724, No Iterations 3
smoothSolver:  Solving for Uz, Initial residual = 0.00515595, Final residual = 0.000191739, No Iterations 3
GAMG:  Solving for p, Initial residual = 0.0188058, Final residual = 0.00103096, No Iterations 2
time step continuity errors : sum local = 1.84539e-05, global = 6.76755e-07, cumulative = -0.000891395
smoothSolver:  Solving for epsilon, Initial residual = 0.00133955, Final residual = 4.02254e-05, No Iterations 2
smoothSolver:  Solving for k, Initial residual = 0.00360136, Final residual = 0.000261432, No Iterations 2
ExecutionTime = 947.92 s  ClockTime = 1301 s

Time = 209

smoothSolver:  Solving for Ux, Initial residual = 0.00195153, Final residual = 6.763e-05, No Iterations 3
smoothSolver:  Solving for Uy, Initial residual = 0.00424626, Final residual = 0.00015095, No Iterations 3
smoothSolver:  Solving for Uz, Initial residual = 0.00512143, Final residual = 0.000190457, No Iterations 3
GAMG:  Solving for p, Initial residual = 0.0188206, Final residual = 0.00102981, No Iterations 2
time step continuity errors : sum local = 1.83195e-05, global = 6.93196e-07, cumulative = -0.000890702
smoothSolver:  Solving for epsilon, Initial residual = 0.0013432, Final residual = 3.98333e-05, No Iterations 2
smoothSolver:  Solving for k, Initial residual = 0.00357797, Final residual = 0.000259879, No Iterations 2
ExecutionTime = 954.71 s  ClockTime = 1315 s

Time = 210

smoothSolver:  Solving for Ux, Initial residual = 0.00193771, Final residual = 6.71647e-05, No Iterations 3
smoothSolver:  Solving for Uy, Initial residual = 0.00422383, Final residual = 0.0001502, No Iterations 3
smoothSolver:  Solving for Uz, Initial residual = 0.00508668, Final residual = 0.000189168, No Iterations 3
GAMG:  Solving for p, Initial residual = 0.0188044, Final residual = 0.00102796, No Iterations 2
time step continuity errors : sum local = 1.81719e-05, global = 7.08897e-07, cumulative = -0.000889993
smoothSolver:  Solving for epsilon, Initial residual = 0.00132328, Final residual = 3.95402e-05, No Iterations 2
smoothSolver:  Solving for k, Initial residual = 0.00355737, Final residual = 0.000258363, No Iterations 2
ExecutionTime = 959.85 s  ClockTime = 1325 s

Time = 211

smoothSolver:  Solving for Ux, Initial residual = 0.00192404, Final residual = 6.66971e-05, No Iterations 3
smoothSolver:  Solving for Uy, Initial residual = 0.00420156, Final residual = 0.000149437, No Iterations 3
smoothSolver:  Solving for Uz, Initial residual = 0.00505248, Final residual = 0.000187883, No Iterations 3
GAMG:  Solving for p, Initial residual = 0.0187749, Final residual = 0.00102421, No Iterations 2
time step continuity errors : sum local = 1.79945e-05, global = 7.20601e-07, cumulative = -0.000889272
smoothSolver:  Solving for epsilon, Initial residual = 0.00132369, Final residual = 3.91317e-05, No Iterations 2
smoothSolver:  Solving for k, Initial residual = 0.00353243, Final residual = 0.000256838, No Iterations 2
ExecutionTime = 965.34 s  ClockTime = 1336 s

Time = 212

smoothSolver:  Solving for Ux, Initial residual = 0.00191014, Final residual = 6.62328e-05, No Iterations 3
smoothSolver:  Solving for Uy, Initial residual = 0.0041793, Final residual = 0.000148703, No Iterations 3
smoothSolver:  Solving for Uz, Initial residual = 0.00501741, Final residual = 0.000186595, No Iterations 3
GAMG:  Solving for p, Initial residual = 0.0187584, Final residual = 0.00102264, No Iterations 2
time step continuity errors : sum local = 1.78551e-05, global = 7.32891e-07, cumulative = -0.000888539
smoothSolver:  Solving for epsilon, Initial residual = 0.00131005, Final residual = 3.88971e-05, No Iterations 2
smoothSolver:  Solving for k, Initial residual = 0.0035052, Final residual = 0.000255286, No Iterations 2
ExecutionTime = 971.81 s  ClockTime = 1349 s

Time = 213

smoothSolver:  Solving for Ux, Initial residual = 0.00189646, Final residual = 6.57675e-05, No Iterations 3
smoothSolver:  Solving for Uy, Initial residual = 0.00415757, Final residual = 0.000147967, No Iterations 3
smoothSolver:  Solving for Uz, Initial residual = 0.00498274, Final residual = 0.000185301, No Iterations 3
GAMG:  Solving for p, Initial residual = 0.0187681, Final residual = 0.0010224, No Iterations 2
time step continuity errors : sum local = 1.77429e-05, global = 7.44704e-07, cumulative = -0.000887794
smoothSolver:  Solving for epsilon, Initial residual = 0.00131404, Final residual = 3.85141e-05, No Iterations 2
smoothSolver:  Solving for k, Initial residual = 0.00348215, Final residual = 0.000253799, No Iterations 2
ExecutionTime = 976.84 s  ClockTime = 1360 s

Time = 214

smoothSolver:  Solving for Ux, Initial residual = 0.00188271, Final residual = 6.53057e-05, No Iterations 3
smoothSolver:  Solving for Uy, Initial residual = 0.00413617, Final residual = 0.000147255, No Iterations 3
smoothSolver:  Solving for Uz, Initial residual = 0.00494815, Final residual = 0.000184, No Iterations 3
GAMG:  Solving for p, Initial residual = 0.0187574, Final residual = 0.00102331, No Iterations 2
time step continuity errors : sum local = 1.765e-05, global = 7.56636e-07, cumulative = -0.000887038
smoothSolver:  Solving for epsilon, Initial residual = 0.00129508, Final residual = 3.82265e-05, No Iterations 2
smoothSolver:  Solving for k, Initial residual = 0.00346141, Final residual = 0.000252277, No Iterations 2
ExecutionTime = 981.97 s  ClockTime = 1370 s

Time = 215

smoothSolver:  Solving for Ux, Initial residual = 0.00186903, Final residual = 6.48414e-05, No Iterations 3
smoothSolver:  Solving for Uy, Initial residual = 0.00411513, Final residual = 0.000146531, No Iterations 3
smoothSolver:  Solving for Uz, Initial residual = 0.00491425, Final residual = 0.000182713, No Iterations 3
GAMG:  Solving for p, Initial residual = 0.0187555, Final residual = 0.00102334, No Iterations 2
time step continuity errors : sum local = 1.75407e-05, global = 7.58973e-07, cumulative = -0.000886279
smoothSolver:  Solving for epsilon, Initial residual = 0.00129572, Final residual = 3.7846e-05, No Iterations 2
smoothSolver:  Solving for k, Initial residual = 0.00343692, Final residual = 0.000250749, No Iterations 2
ExecutionTime = 987.87 s  ClockTime = 1382 s

Time = 216

smoothSolver:  Solving for Ux, Initial residual = 0.00185524, Final residual = 6.43785e-05, No Iterations 3
smoothSolver:  Solving for Uy, Initial residual = 0.00409421, Final residual = 0.00014583, No Iterations 3
smoothSolver:  Solving for Uz, Initial residual = 0.00487976, Final residual = 0.000181424, No Iterations 3
GAMG:  Solving for p, Initial residual = 0.018727, Final residual = 0.0010222, No Iterations 2
time step continuity errors : sum local = 1.74068e-05, global = 7.572e-07, cumulative = -0.000885522
smoothSolver:  Solving for epsilon, Initial residual = 0.00128235, Final residual = 3.76107e-05, No Iterations 2
smoothSolver:  Solving for k, Initial residual = 0.00341098, Final residual = 0.000249233, No Iterations 2
ExecutionTime = 992.9 s  ClockTime = 1392 s

Time = 217

smoothSolver:  Solving for Ux, Initial residual = 0.00184167, Final residual = 6.39152e-05, No Iterations 3
smoothSolver:  Solving for Uy, Initial residual = 0.00407343, Final residual = 0.000145129, No Iterations 3
smoothSolver:  Solving for Uz, Initial residual = 0.0048458, Final residual = 0.000180134, No Iterations 3
GAMG:  Solving for p, Initial residual = 0.0186795, Final residual = 0.00101854, No Iterations 2
time step continuity errors : sum local = 1.72408e-05, global = 7.62028e-07, cumulative = -0.00088476
smoothSolver:  Solving for epsilon, Initial residual = 0.00128682, Final residual = 3.72579e-05, No Iterations 2
smoothSolver:  Solving for k, Initial residual = 0.00338916, Final residual = 0.000247797, No Iterations 2
ExecutionTime = 999.56 s  ClockTime = 1405 s

Time = 218

smoothSolver:  Solving for Ux, Initial residual = 0.00182806, Final residual = 6.34555e-05, No Iterations 3
smoothSolver:  Solving for Uy, Initial residual = 0.00405306, Final residual = 0.000144457, No Iterations 3
smoothSolver:  Solving for Uz, Initial residual = 0.0048115, Final residual = 0.000178832, No Iterations 3
GAMG:  Solving for p, Initial residual = 0.0185994, Final residual = 0.00101542, No Iterations 2
time step continuity errors : sum local = 1.70827e-05, global = 7.65375e-07, cumulative = -0.000883994
smoothSolver:  Solving for epsilon, Initial residual = 0.00126864, Final residual = 3.69967e-05, No Iterations 2
smoothSolver:  Solving for k, Initial residual = 0.0033694, Final residual = 0.000246321, No Iterations 2
ExecutionTime = 1005.56 s  ClockTime = 1417 s

Time = 219

smoothSolver:  Solving for Ux, Initial residual = 0.00181459, Final residual = 6.29943e-05, No Iterations 3
smoothSolver:  Solving for Uy, Initial residual = 0.00403283, Final residual = 0.000143771, No Iterations 3
smoothSolver:  Solving for Uz, Initial residual = 0.00477802, Final residual = 0.000177544, No Iterations 3
GAMG:  Solving for p, Initial residual = 0.0185577, Final residual = 0.00101275, No Iterations 2
time step continuity errors : sum local = 1.69324e-05, global = 7.6304e-07, cumulative = -0.000883231
smoothSolver:  Solving for epsilon, Initial residual = 0.00127069, Final residual = 3.664e-05, No Iterations 2
smoothSolver:  Solving for k, Initial residual = 0.00334545, Final residual = 0.000244867, No Iterations 2
ExecutionTime = 1010.63 s  ClockTime = 1427 s

Time = 220

smoothSolver:  Solving for Ux, Initial residual = 0.00180101, Final residual = 6.25374e-05, No Iterations 3
smoothSolver:  Solving for Uy, Initial residual = 0.00401275, Final residual = 0.000143104, No Iterations 3
smoothSolver:  Solving for Uz, Initial residual = 0.00474369, Final residual = 0.000176247, No Iterations 3
GAMG:  Solving for p, Initial residual = 0.018516, Final residual = 0.00101101, No Iterations 2
time step continuity errors : sum local = 1.67976e-05, global = 7.55733e-07, cumulative = -0.000882475
smoothSolver:  Solving for epsilon, Initial residual = 0.00125745, Final residual = 3.64062e-05, No Iterations 2
smoothSolver:  Solving for k, Initial residual = 0.00331966, Final residual = 0.00024337, No Iterations 2
ExecutionTime = 1015.67 s  ClockTime = 1438 s

Time = 221

smoothSolver:  Solving for Ux, Initial residual = 0.00178762, Final residual = 6.2082e-05, No Iterations 3
smoothSolver:  Solving for Uy, Initial residual = 0.00399277, Final residual = 0.000142433, No Iterations 3
smoothSolver:  Solving for Uz, Initial residual = 0.00470997, Final residual = 0.000174959, No Iterations 3
GAMG:  Solving for p, Initial residual = 0.0184672, Final residual = 0.00100617, No Iterations 2
time step continuity errors : sum local = 1.66155e-05, global = 7.51843e-07, cumulative = -0.000881724
smoothSolver:  Solving for epsilon, Initial residual = 0.00126211, Final residual = 3.60905e-05, No Iterations 2
smoothSolver:  Solving for k, Initial residual = 0.00329783, Final residual = 0.000241942, No Iterations 2
ExecutionTime = 1020.75 s  ClockTime = 1448 s

Time = 222

smoothSolver:  Solving for Ux, Initial residual = 0.00177428, Final residual = 6.16302e-05, No Iterations 3
smoothSolver:  Solving for Uy, Initial residual = 0.0039733, Final residual = 0.000141795, No Iterations 3
smoothSolver:  Solving for Uz, Initial residual = 0.00467632, Final residual = 0.000173668, No Iterations 3
GAMG:  Solving for p, Initial residual = 0.0183945, Final residual = 0.000999471, No Iterations 2
time step continuity errors : sum local = 1.64051e-05, global = 7.509e-07, cumulative = -0.000880973
smoothSolver:  Solving for epsilon, Initial residual = 0.00124429, Final residual = 3.58328e-05, No Iterations 2
smoothSolver:  Solving for k, Initial residual = 0.00327972, Final residual = 0.000240595, No Iterations 2
ExecutionTime = 1027.47 s  ClockTime = 1461 s

Time = 223

smoothSolver:  Solving for Ux, Initial residual = 0.00176112, Final residual = 6.11786e-05, No Iterations 3
smoothSolver:  Solving for Uy, Initial residual = 0.00395392, Final residual = 0.000141153, No Iterations 3
smoothSolver:  Solving for Uz, Initial residual = 0.0046437, Final residual = 0.0001724, No Iterations 3
GAMG:  Solving for p, Initial residual = 0.0183345, Final residual = 0.000992492, No Iterations 2
time step continuity errors : sum local = 1.61946e-05, global = 7.52666e-07, cumulative = -0.00088022
smoothSolver:  Solving for epsilon, Initial residual = 0.00124647, Final residual = 3.55128e-05, No Iterations 2
smoothSolver:  Solving for k, Initial residual = 0.00325684, Final residual = 0.000239174, No Iterations 2
ExecutionTime = 1032.59 s  ClockTime = 1472 s

Time = 224

smoothSolver:  Solving for Ux, Initial residual = 0.00174773, Final residual = 6.0731e-05, No Iterations 3
smoothSolver:  Solving for Uy, Initial residual = 0.00393451, Final residual = 0.000140537, No Iterations 3
smoothSolver:  Solving for Uz, Initial residual = 0.00461052, Final residual = 0.000171131, No Iterations 3
GAMG:  Solving for p, Initial residual = 0.0182771, Final residual = 0.000988357, No Iterations 2
time step continuity errors : sum local = 1.60278e-05, global = 7.53192e-07, cumulative = -0.000879467
smoothSolver:  Solving for epsilon, Initial residual = 0.00123356, Final residual = 3.5295e-05, No Iterations 2
smoothSolver:  Solving for k, Initial residual = 0.0032316, Final residual = 0.000237714, No Iterations 2
ExecutionTime = 1037.59 s  ClockTime = 1482 s

Time = 225

smoothSolver:  Solving for Ux, Initial residual = 0.00173462, Final residual = 6.02867e-05, No Iterations 3
smoothSolver:  Solving for Uy, Initial residual = 0.00391626, Final residual = 0.000139914, No Iterations 3
smoothSolver:  Solving for Uz, Initial residual = 0.00457824, Final residual = 0.000169871, No Iterations 3
GAMG:  Solving for p, Initial residual = 0.0183121, Final residual = 0.000988506, No Iterations 2
time step continuity errors : sum local = 1.59303e-05, global = 7.20121e-07, cumulative = -0.000878747
smoothSolver:  Solving for epsilon, Initial residual = 0.0012393, Final residual = 3.50132e-05, No Iterations 2
smoothSolver:  Solving for k, Initial residual = 0.00321025, Final residual = 0.000236339, No Iterations 2
ExecutionTime = 1044.31 s  ClockTime = 1495 s

Time = 226

smoothSolver:  Solving for Ux, Initial residual = 0.0017215, Final residual = 5.98457e-05, No Iterations 3
smoothSolver:  Solving for Uy, Initial residual = 0.00389751, Final residual = 0.000139314, No Iterations 3
smoothSolver:  Solving for Uz, Initial residual = 0.00454618, Final residual = 0.000168602, No Iterations 3
GAMG:  Solving for p, Initial residual = 0.0183085, Final residual = 0.000988428, No Iterations 2
time step continuity errors : sum local = 1.58321e-05, global = 7.04707e-07, cumulative = -0.000878042
smoothSolver:  Solving for epsilon, Initial residual = 0.00122195, Final residual = 3.47748e-05, No Iterations 2
smoothSolver:  Solving for k, Initial residual = 0.0031921, Final residual = 0.000234964, No Iterations 2
ExecutionTime = 1049.44 s  ClockTime = 1506 s

Time = 227

smoothSolver:  Solving for Ux, Initial residual = 0.0017086, Final residual = 5.94071e-05, No Iterations 3
smoothSolver:  Solving for Uy, Initial residual = 0.00387919, Final residual = 0.000138689, No Iterations 3
smoothSolver:  Solving for Uz, Initial residual = 0.00451496, Final residual = 0.000167355, No Iterations 3
GAMG:  Solving for p, Initial residual = 0.0182712, Final residual = 0.000984769, No Iterations 2
time step continuity errors : sum local = 1.56803e-05, global = 7.10983e-07, cumulative = -0.000877331
smoothSolver:  Solving for epsilon, Initial residual = 0.00122401, Final residual = 3.44964e-05, No Iterations 2
smoothSolver:  Solving for k, Initial residual = 0.00316961, Final residual = 0.0002336, No Iterations 2
ExecutionTime = 1054.53 s  ClockTime = 1516 s

Time = 228

smoothSolver:  Solving for Ux, Initial residual = 0.00169557, Final residual = 5.89701e-05, No Iterations 3
smoothSolver:  Solving for Uy, Initial residual = 0.00386064, Final residual = 0.000138081, No Iterations 3
smoothSolver:  Solving for Uz, Initial residual = 0.00448359, Final residual = 0.000166102, No Iterations 3
GAMG:  Solving for p, Initial residual = 0.0182255, Final residual = 0.000978413, No Iterations 2
time step continuity errors : sum local = 1.54842e-05, global = 7.18582e-07, cumulative = -0.000876612
smoothSolver:  Solving for epsilon, Initial residual = 0.00121092, Final residual = 3.4296e-05, No Iterations 2
smoothSolver:  Solving for k, Initial residual = 0.00314588, Final residual = 0.000232221, No Iterations 2
ExecutionTime = 1060.42 s  ClockTime = 1528 s

Time = 229

smoothSolver:  Solving for Ux, Initial residual = 0.00168281, Final residual = 5.85358e-05, No Iterations 3
smoothSolver:  Solving for Uy, Initial residual = 0.00384243, Final residual = 0.000137443, No Iterations 3
smoothSolver:  Solving for Uz, Initial residual = 0.00445274, Final residual = 0.000164862, No Iterations 3
GAMG:  Solving for p, Initial residual = 0.0181847, Final residual = 0.000971422, No Iterations 2
time step continuity errors : sum local = 1.52827e-05, global = 7.26384e-07, cumulative = -0.000875886
smoothSolver:  Solving for epsilon, Initial residual = 0.00121767, Final residual = 3.406e-05, No Iterations 2
smoothSolver:  Solving for k, Initial residual = 0.00312638, Final residual = 0.000230962, No Iterations 2
ExecutionTime = 1066.43 s  ClockTime = 1540 s

Time = 230

smoothSolver:  Solving for Ux, Initial residual = 0.00167002, Final residual = 5.81046e-05, No Iterations 3
smoothSolver:  Solving for Uy, Initial residual = 0.00382393, Final residual = 0.000136814, No Iterations 3
smoothSolver:  Solving for Uz, Initial residual = 0.0044222, Final residual = 0.00016362, No Iterations 3
GAMG:  Solving for p, Initial residual = 0.0181551, Final residual = 0.00096516, No Iterations 2
time step continuity errors : sum local = 1.5097e-05, global = 7.3845e-07, cumulative = -0.000875148
smoothSolver:  Solving for epsilon, Initial residual = 0.00120204, Final residual = 3.38293e-05, No Iterations 2
smoothSolver:  Solving for k, Initial residual = 0.00310905, Final residual = 0.000229631, No Iterations 2
ExecutionTime = 1073.09 s  ClockTime = 1553 s

Time = 231

smoothSolver:  Solving for Ux, Initial residual = 0.0016574, Final residual = 5.76756e-05, No Iterations 3
smoothSolver:  Solving for Uy, Initial residual = 0.00380537, Final residual = 0.000136149, No Iterations 3
smoothSolver:  Solving for Uz, Initial residual = 0.00439269, Final residual = 0.000162406, No Iterations 3
GAMG:  Solving for p, Initial residual = 0.0181491, Final residual = 0.000960932, No Iterations 2
time step continuity errors : sum local = 1.49473e-05, global = 7.40469e-07, cumulative = -0.000874407
smoothSolver:  Solving for epsilon, Initial residual = 0.00120503, Final residual = 3.35877e-05, No Iterations 2
smoothSolver:  Solving for k, Initial residual = 0.00308715, Final residual = 0.000228376, No Iterations 2
ExecutionTime = 1079.72 s  ClockTime = 1567 s

Time = 232

smoothSolver:  Solving for Ux, Initial residual = 0.00164471, Final residual = 5.72479e-05, No Iterations 3
smoothSolver:  Solving for Uy, Initial residual = 0.00378635, Final residual = 0.000135498, No Iterations 3
smoothSolver:  Solving for Uz, Initial residual = 0.00436261, Final residual = 0.000161188, No Iterations 3
GAMG:  Solving for p, Initial residual = 0.0181428, Final residual = 0.000957304, No Iterations 2
time step continuity errors : sum local = 1.48066e-05, global = 7.36028e-07, cumulative = -0.000873671
smoothSolver:  Solving for epsilon, Initial residual = 0.00119166, Final residual = 3.33947e-05, No Iterations 2
smoothSolver:  Solving for k, Initial residual = 0.00306329, Final residual = 0.000226974, No Iterations 2
ExecutionTime = 1084.74 s  ClockTime = 1577 s

Time = 233

smoothSolver:  Solving for Ux, Initial residual = 0.00163223, Final residual = 5.68239e-05, No Iterations 3
smoothSolver:  Solving for Uy, Initial residual = 0.00376774, Final residual = 0.000134816, No Iterations 3
smoothSolver:  Solving for Uz, Initial residual = 0.00433301, Final residual = 0.000159982, No Iterations 3
GAMG:  Solving for p, Initial residual = 0.0181722, Final residual = 0.00095427, No Iterations 2
time step continuity errors : sum local = 1.4678e-05, global = 7.2938e-07, cumulative = -0.000872942
smoothSolver:  Solving for epsilon, Initial residual = 0.00119906, Final residual = 3.32056e-05, No Iterations 2
smoothSolver:  Solving for k, Initial residual = 0.00304449, Final residual = 0.000225783, No Iterations 2
ExecutionTime = 1089.85 s  ClockTime = 1587 s

Time = 234

smoothSolver:  Solving for Ux, Initial residual = 0.00161982, Final residual = 5.64018e-05, No Iterations 3
smoothSolver:  Solving for Uy, Initial residual = 0.00374946, Final residual = 0.00013416, No Iterations 3
smoothSolver:  Solving for Uz, Initial residual = 0.0043038, Final residual = 0.000158769, No Iterations 3
GAMG:  Solving for p, Initial residual = 0.0182551, Final residual = 0.000953881, No Iterations 2
time step continuity errors : sum local = 1.45864e-05, global = 7.00126e-07, cumulative = -0.000872242
smoothSolver:  Solving for epsilon, Initial residual = 0.00118302, Final residual = 3.29883e-05, No Iterations 2
smoothSolver:  Solving for k, Initial residual = 0.00302862, Final residual = 0.0002245, No Iterations 2
ExecutionTime = 1095.7 s  ClockTime = 1599 s

Time = 235

smoothSolver:  Solving for Ux, Initial residual = 0.00160753, Final residual = 5.59818e-05, No Iterations 3
smoothSolver:  Solving for Uy, Initial residual = 0.00373045, Final residual = 0.000133463, No Iterations 3
smoothSolver:  Solving for Uz, Initial residual = 0.00427497, Final residual = 0.000157585, No Iterations 3
GAMG:  Solving for p, Initial residual = 0.0183362, Final residual = 0.000954337, No Iterations 2
time step continuity errors : sum local = 1.4512e-05, global = 6.87901e-07, cumulative = -0.000871554
smoothSolver:  Solving for epsilon, Initial residual = 0.0011863, Final residual = 3.2776e-05, No Iterations 2
smoothSolver:  Solving for k, Initial residual = 0.00300724, Final residual = 0.000223288, No Iterations 2
ExecutionTime = 1102.5 s  ClockTime = 1612 s

Time = 236

smoothSolver:  Solving for Ux, Initial residual = 0.00159509, Final residual = 5.5563e-05, No Iterations 3
smoothSolver:  Solving for Uy, Initial residual = 0.00371112, Final residual = 0.000132784, No Iterations 3
smoothSolver:  Solving for Uz, Initial residual = 0.00424555, Final residual = 0.000156397, No Iterations 3
GAMG:  Solving for p, Initial residual = 0.01838, Final residual = 0.00095465, No Iterations 2
time step continuity errors : sum local = 1.44398e-05, global = 6.94914e-07, cumulative = -0.000870859
smoothSolver:  Solving for epsilon, Initial residual = 0.00117345, Final residual = 3.25923e-05, No Iterations 2
smoothSolver:  Solving for k, Initial residual = 0.00298441, Final residual = 0.00022193, No Iterations 2
ExecutionTime = 1107.99 s  ClockTime = 1623 s

Time = 237

smoothSolver:  Solving for Ux, Initial residual = 0.00158296, Final residual = 5.51463e-05, No Iterations 3
smoothSolver:  Solving for Uy, Initial residual = 0.00369315, Final residual = 0.000132079, No Iterations 3
smoothSolver:  Solving for Uz, Initial residual = 0.00421666, Final residual = 0.000155225, No Iterations 3
GAMG:  Solving for p, Initial residual = 0.0185382, Final residual = 0.000959325, No Iterations 2
time step continuity errors : sum local = 1.44303e-05, global = 6.67945e-07, cumulative = -0.000870191
smoothSolver:  Solving for epsilon, Initial residual = 0.00118185, Final residual = 3.24362e-05, No Iterations 2
smoothSolver:  Solving for k, Initial residual = 0.00296599, Final residual = 0.000220803, No Iterations 2
ExecutionTime = 1113.04 s  ClockTime = 1634 s

Time = 238

smoothSolver:  Solving for Ux, Initial residual = 0.00157068, Final residual = 5.47299e-05, No Iterations 3
smoothSolver:  Solving for Uy, Initial residual = 0.00367377, Final residual = 0.000131404, No Iterations 3
smoothSolver:  Solving for Uz, Initial residual = 0.00418745, Final residual = 0.00015404, No Iterations 3
GAMG:  Solving for p, Initial residual = 0.0185777, Final residual = 0.000959787, No Iterations 2
time step continuity errors : sum local = 1.43629e-05, global = 6.67104e-07, cumulative = -0.000869524
smoothSolver:  Solving for epsilon, Initial residual = 0.00116586, Final residual = 3.22068e-05, No Iterations 2
smoothSolver:  Solving for k, Initial residual = 0.0029499, Final residual = 0.000219569, No Iterations 2
ExecutionTime = 1118.07 s  ClockTime = 1644 s

Time = 239

smoothSolver:  Solving for Ux, Initial residual = 0.00155856, Final residual = 5.4316e-05, No Iterations 3
smoothSolver:  Solving for Uy, Initial residual = 0.00365526, Final residual = 0.000130703, No Iterations 3
smoothSolver:  Solving for Uz, Initial residual = 0.00415901, Final residual = 0.000152886, No Iterations 3
GAMG:  Solving for p, Initial residual = 0.0186608, Final residual = 0.000962413, No Iterations 2
time step continuity errors : sum local = 1.43236e-05, global = 6.17792e-07, cumulative = -0.000868906
smoothSolver:  Solving for epsilon, Initial residual = 0.00116938, Final residual = 3.203e-05, No Iterations 2
smoothSolver:  Solving for k, Initial residual = 0.00292919, Final residual = 0.000218427, No Iterations 2
ExecutionTime = 1123.84 s  ClockTime = 1655 s

Time = 240

smoothSolver:  Solving for Ux, Initial residual = 0.00154633, Final residual = 5.39035e-05, No Iterations 3
smoothSolver:  Solving for Uy, Initial residual = 0.00363576, Final residual = 0.000130023, No Iterations 3
smoothSolver:  Solving for Uz, Initial residual = 0.00412945, Final residual = 0.00015172, No Iterations 3
GAMG:  Solving for p, Initial residual = 0.018646, Final residual = 0.000961099, No Iterations 2
time step continuity errors : sum local = 1.42317e-05, global = 6.19362e-07, cumulative = -0.000868287
smoothSolver:  Solving for epsilon, Initial residual = 0.00115627, Final residual = 3.18405e-05, No Iterations 2
smoothSolver:  Solving for k, Initial residual = 0.00290701, Final residual = 0.000217164, No Iterations 2
ExecutionTime = 1129.8 s  ClockTime = 1667 s

Time = 241

smoothSolver:  Solving for Ux, Initial residual = 0.00153426, Final residual = 5.34969e-05, No Iterations 3
smoothSolver:  Solving for Uy, Initial residual = 0.00361655, Final residual = 0.000129313, No Iterations 3
smoothSolver:  Solving for Uz, Initial residual = 0.00409986, Final residual = 0.000150568, No Iterations 3
GAMG:  Solving for p, Initial residual = 0.0186336, Final residual = 0.000961111, No Iterations 2
time step continuity errors : sum local = 1.41627e-05, global = 6.21921e-07, cumulative = -0.000867665
smoothSolver:  Solving for epsilon, Initial residual = 0.00116396, Final residual = 3.16995e-05, No Iterations 2
smoothSolver:  Solving for k, Initial residual = 0.00288905, Final residual = 0.000216057, No Iterations 2
ExecutionTime = 1136.69 s  ClockTime = 1681 s

Time = 242

smoothSolver:  Solving for Ux, Initial residual = 0.00152223, Final residual = 5.30918e-05, No Iterations 3
smoothSolver:  Solving for Uy, Initial residual = 0.00359759, Final residual = 0.000128633, No Iterations 3
smoothSolver:  Solving for Uz, Initial residual = 0.00407007, Final residual = 0.000149409, No Iterations 3
GAMG:  Solving for p, Initial residual = 0.0186626, Final residual = 0.000961596, No Iterations 2
time step continuity errors : sum local = 1.40983e-05, global = 6.24085e-07, cumulative = -0.000867041
smoothSolver:  Solving for epsilon, Initial residual = 0.00114924, Final residual = 3.14823e-05, No Iterations 2
smoothSolver:  Solving for k, Initial residual = 0.00287338, Final residual = 0.000214881, No Iterations 2
ExecutionTime = 1141.82 s  ClockTime = 1692 s

Time = 243

smoothSolver:  Solving for Ux, Initial residual = 0.00151023, Final residual = 5.26915e-05, No Iterations 3
smoothSolver:  Solving for Uy, Initial residual = 0.00357844, Final residual = 0.000127921, No Iterations 3
smoothSolver:  Solving for Uz, Initial residual = 0.00404073, Final residual = 0.000148281, No Iterations 3
GAMG:  Solving for p, Initial residual = 0.0186546, Final residual = 0.000962921, No Iterations 2
time step continuity errors : sum local = 1.40523e-05, global = 6.20241e-07, cumulative = -0.00086642
smoothSolver:  Solving for epsilon, Initial residual = 0.00115369, Final residual = 3.1326e-05, No Iterations 2
smoothSolver:  Solving for k, Initial residual = 0.00285277, Final residual = 0.000213725, No Iterations 2
ExecutionTime = 1147.44 s  ClockTime = 1701 s

Time = 244

smoothSolver:  Solving for Ux, Initial residual = 0.00149813, Final residual = 5.22922e-05, No Iterations 3
smoothSolver:  Solving for Uy, Initial residual = 0.00355874, Final residual = 0.000127238, No Iterations 3
smoothSolver:  Solving for Uz, Initial residual = 0.00401028, Final residual = 0.000147144, No Iterations 3
GAMG:  Solving for p, Initial residual = 0.0186305, Final residual = 0.000964061, No Iterations 2
time step continuity errors : sum local = 1.4003e-05, global = 6.10815e-07, cumulative = -0.00086581
smoothSolver:  Solving for epsilon, Initial residual = 0.00114005, Final residual = 3.11297e-05, No Iterations 2
smoothSolver:  Solving for k, Initial residual = 0.0028308, Final residual = 0.000212546, No Iterations 2
ExecutionTime = 1151.49 s  ClockTime = 1705 s

Time = 245

smoothSolver:  Solving for Ux, Initial residual = 0.00148619, Final residual = 5.18994e-05, No Iterations 3
smoothSolver:  Solving for Uy, Initial residual = 0.00353992, Final residual = 0.000126525, No Iterations 3
smoothSolver:  Solving for Uz, Initial residual = 0.00398034, Final residual = 0.000146028, No Iterations 3
GAMG:  Solving for p, Initial residual = 0.0187057, Final residual = 0.000968519, No Iterations 2
time step continuity errors : sum local = 1.39997e-05, global = 5.84067e-07, cumulative = -0.000865226
smoothSolver:  Solving for epsilon, Initial residual = 0.00114672, Final residual = 3.1011e-05, No Iterations 2
smoothSolver:  Solving for k, Initial residual = 0.00281377, Final residual = 0.000211496, No Iterations 2
ExecutionTime = 1155.54 s  ClockTime = 1709 s

Time = 246

smoothSolver:  Solving for Ux, Initial residual = 0.00147424, Final residual = 5.15082e-05, No Iterations 3
smoothSolver:  Solving for Uy, Initial residual = 0.00352055, Final residual = 0.000125844, No Iterations 3
smoothSolver:  Solving for Uz, Initial residual = 0.00395017, Final residual = 0.000144901, No Iterations 3
GAMG:  Solving for p, Initial residual = 0.0187678, Final residual = 0.000971684, No Iterations 2
time step continuity errors : sum local = 1.39799e-05, global = 5.8362e-07, cumulative = -0.000864642
smoothSolver:  Solving for epsilon, Initial residual = 0.00113257, Final residual = 3.07961e-05, No Iterations 2
smoothSolver:  Solving for k, Initial residual = 0.00279985, Final residual = 0.000210359, No Iterations 2
ExecutionTime = 1159.58 s  ClockTime = 1713 s

Time = 247

smoothSolver:  Solving for Ux, Initial residual = 0.00146231, Final residual = 5.11232e-05, No Iterations 3
smoothSolver:  Solving for Uy, Initial residual = 0.00350033, Final residual = 0.000125135, No Iterations 3
smoothSolver:  Solving for Uz, Initial residual = 0.00392047, Final residual = 0.000143806, No Iterations 3
GAMG:  Solving for p, Initial residual = 0.01877, Final residual = 0.000972696, No Iterations 2
time step continuity errors : sum local = 1.39353e-05, global = 5.89735e-07, cumulative = -0.000864052
smoothSolver:  Solving for epsilon, Initial residual = 0.00113721, Final residual = 3.06588e-05, No Iterations 2
smoothSolver:  Solving for k, Initial residual = 0.00278049, Final residual = 0.000209325, No Iterations 2
ExecutionTime = 1163.63 s  ClockTime = 1717 s

Time = 248

smoothSolver:  Solving for Ux, Initial residual = 0.00145026, Final residual = 5.07386e-05, No Iterations 3
smoothSolver:  Solving for Uy, Initial residual = 0.00348022, Final residual = 0.00012447, No Iterations 3
smoothSolver:  Solving for Uz, Initial residual = 0.00388998, Final residual = 0.000142702, No Iterations 3
GAMG:  Solving for p, Initial residual = 0.0187929, Final residual = 0.000973799, No Iterations 2
time step continuity errors : sum local = 1.38873e-05, global = 5.80091e-07, cumulative = -0.000863472
smoothSolver:  Solving for epsilon, Initial residual = 0.00112421, Final residual = 3.04651e-05, No Iterations 2
smoothSolver:  Solving for k, Initial residual = 0.00275871, Final residual = 0.000208113, No Iterations 2
ExecutionTime = 1167.67 s  ClockTime = 1722 s

Time = 249

smoothSolver:  Solving for Ux, Initial residual = 0.00143838, Final residual = 5.03618e-05, No Iterations 3
smoothSolver:  Solving for Uy, Initial residual = 0.00346013, Final residual = 0.000123774, No Iterations 3
smoothSolver:  Solving for Uz, Initial residual = 0.00385999, Final residual = 0.000141618, No Iterations 3
GAMG:  Solving for p, Initial residual = 0.0187718, Final residual = 0.000973682, No Iterations 2
time step continuity errors : sum local = 1.38268e-05, global = 5.79042e-07, cumulative = -0.000862893
smoothSolver:  Solving for epsilon, Initial residual = 0.00113059, Final residual = 3.03553e-05, No Iterations 2
smoothSolver:  Solving for k, Initial residual = 0.00274199, Final residual = 0.000207107, No Iterations 2
ExecutionTime = 1171.71 s  ClockTime = 1726 s

Time = 250

smoothSolver:  Solving for Ux, Initial residual = 0.00142662, Final residual = 4.99869e-05, No Iterations 3
smoothSolver:  Solving for Uy, Initial residual = 0.00344075, Final residual = 0.000123109, No Iterations 3
smoothSolver:  Solving for Uz, Initial residual = 0.00383012, Final residual = 0.000140523, No Iterations 3
GAMG:  Solving for p, Initial residual = 0.018888, Final residual = 0.000976631, No Iterations 2
time step continuity errors : sum local = 1.38033e-05, global = 5.737e-07, cumulative = -0.000862319
smoothSolver:  Solving for epsilon, Initial residual = 0.00111624, Final residual = 3.0149e-05, No Iterations 2
smoothSolver:  Solving for k, Initial residual = 0.002728, Final residual = 0.000206033, No Iterations 2
ExecutionTime = 1175.76 s  ClockTime = 1730 s

End

Finalising parallel run
